transaction_id,customer_id,product_id,quantity,price_per_unit,total_amount,timestamp,store_location
7b021f40-a7c2-42b0-81c7-6f31d7d8754a,CUST0059,PRD031,2,76.5,153.0,2025-07-20 07:10:32,Dallas
5c8484bf-c0b8-42a1-9580-2b6fab0095f8,CUST0056,PRD033,5,5.01,25.05,2025-07-19 22:38:52,Dallas
22b7ae37-7b6b-4ef7-8229-01dbfd64b834,CUST0070,PRD031,3,40.77,122.31,2025-07-20 01:29:08,NYC
157ec6b6-ca04-402e-a2fd-b84cb28fb95f,CUST0066,PRD044,1,74.08,74.08,2025-07-20 16:18:13,Chicago
8882cb03-7d0e-4791-ab2d-09ca48ed3271,CUST0055,PRD013,1,93.6,93.6,2025-07-20 03:39:49,Chicago
e39cbb97-b8d6-479e-b88c-67fbf162afc9,CUST0044,PRD004,5,86.22,431.1,2025-07-20 10:30:12,NYC
780ee697-5a16-42ff-bc5a-f48f83020d2f,CUST0075,PRD036,5,69.23,346.15,2025-07-19 22:14:38,Chicago
f2c7cc49-7609-4cdf-846e-5981629bcac3,CUST0044,PRD001,4,70.5,282.0,2025-07-20 02:56:01,Dallas
0a9d38a8-fc84-460c-bb49-c3f72df21ede,CUST0043,PRD020,2,82.47,164.94,2025-07-19 22:06:19,NYC
cc460e69-14a8-435b-9a5f-41b8b43510f2,CUST0096,PRD026,4,25.02,100.08,2025-07-20 18:48:29,LA
1d6a4c1d-9c7a-4f7f-89fd-c5d91ef9d061,CUST0066,PRD038,5,13.69,68.45,2025-07-19 20:31:15,Dallas
75c51386-cdda-419f-ba05-85086615caac,CUST0093,PRD043,5,80.84,404.2,2025-07-19 20:45:35,Chicago
55398785-6a5f-432f-a099-3a0e8cba95f7,CUST0069,PRD019,5,96.74,483.7,2025-07-19 20:50:05,NYC
584ef931-83d2-41de-b726-ac17e96d9afc,CUST0054,PRD011,4,36.11,144.44,2025-07-20 14:03:39,NYC
7de83fde-c9cd-4f3e-a290-164d593707a6,CUST0089,PRD015,4,81.49,325.96,2025-07-20 10:57:28,Dallas
08d4ac8d-5be4-457d-bd2a-841b844d085c,CUST0039,PRD009,5,76.72,383.6,2025-07-20 03:58:15,Dallas
f359ffba-c983-47c5-ac45-96e7e3fdaf4d,CUST0082,PRD029,5,7.18,35.9,2025-07-20 00:25:14,Chicago
4971735e-752e-4eff-a1ce-f4d30321d65c,CUST0003,PRD047,4,85.12,340.48,2025-07-20 17:30:57,NYC
430ec088-09e7-4b8b-8709-d1a0049947c3,CUST0056,PRD013,3,12.59,37.77,2025-07-20 05:22:48,Chicago
615fad87-5293-44f3-9ae7-408222a656cb,CUST0063,PRD049,4,9.69,38.76,2025-07-20 14:36:49,Dallas
5a165b3b-6b31-4273-8736-f6220b9b7d48,CUST0036,PRD030,2,40.0,80.0,2025-07-20 06:58:48,LA
9e32ae08-5033-4b1a-8917-056b34cfb539,CUST0002,PRD000,1,38.65,38.65,2025-07-20 19:47:37,Chicago
2b33d491-201a-4c0d-af57-7a7da698145b,CUST0025,PRD026,2,72.73,145.46,2025-07-20 14:09:57,Chicago
da7cff23-9aea-4602-b1f7-823c1825c3be,CUST0058,PRD031,2,97.75,195.5,2025-07-20 02:33:54,LA
b7fb16be-3945-48c8-90d2-09ea89b13643,CUST0082,PRD027,4,5.04,20.16,2025-07-20 01:38:04,NYC
09a4f2c8-12eb-43cd-923b-d38892104514,CUST0052,PRD032,4,87.81,351.24,2025-07-20 13:01:59,Chicago
74663dd1-3652-4645-b80a-5742be40d543,CUST0033,PRD026,5,50.62,253.1,2025-07-20 01:32:08,Dallas
7d33c7ff-aa65-475c-8b5c-49224cbe10f1,CUST0072,PRD004,5,48.7,243.5,2025-07-20 17:40:24,NYC
42979e7d-7ab7-44d1-accf-9bc94c5112fe,CUST0009,PRD045,2,10.36,20.72,2025-07-20 11:08:45,Chicago
0202bee6-4c4e-447b-950b-a1ba010d8849,CUST0081,PRD021,3,43.34,130.02,2025-07-20 15:39:22,Chicago
f469fbc5-b171-4e80-895f-2bd859cc3a21,CUST0044,PRD027,2,65.23,130.46,2025-07-20 01:23:58,Dallas
fe656d45-b044-42db-aa25-d15308988cfc,CUST0079,PRD003,3,45.02,135.06,2025-07-20 13:17:23,LA
924d9798-f5fa-4ad6-a2fa-ba23ccb469fd,CUST0034,PRD018,3,61.68,185.04,2025-07-20 07:42:29,Chicago
6a077905-9c60-4ae7-bb6c-91813820276b,CUST0090,PRD032,5,58.94,294.7,2025-07-19 20:35:17,NYC
7fb4ff10-2570-4768-82f2-c7ee7ce68361,CUST0037,PRD016,2,15.9,31.8,2025-07-20 10:13:33,NYC
cad39972-9d4f-4a2a-8265-1e06b1b593c9,CUST0022,PRD017,4,14.64,58.56,2025-07-20 12:19:04,Dallas
68e91a30-3b66-4f8a-88ac-09c997606796,CUST0009,PRD049,4,71.4,285.6,2025-07-20 08:53:34,Dallas
3da82dc3-f622-453b-a0f1-264d2b4afc5e,CUST0076,PRD015,2,32.19,64.38,2025-07-20 00:58:26,LA
48edec73-07ea-4fd2-9b7f-1b46e5f77dc3,CUST0076,PRD002,2,19.23,38.46,2025-07-20 13:11:03,NYC
5c01b1aa-ab49-4e29-98f1-a5078ad74946,CUST0009,PRD042,1,92.32,92.32,2025-07-20 10:56:29,LA
8e4a90cd-159c-485f-8bcf-f33e7baf3cd8,CUST0030,PRD020,5,49.11,245.55,2025-07-20 17:32:11,NYC
a813a071-b72f-454f-86b3-ca65de012a52,CUST0078,PRD042,5,67.43,337.15,2025-07-20 11:41:34,NYC
a0d10c42-d9f3-46f0-8b5e-57f259df7b32,CUST0070,PRD036,4,21.44,85.76,2025-07-20 15:09:26,Dallas
401d4d41-a8df-4fe1-80a0-cc12157bf989,CUST0081,PRD025,5,16.43,82.15,2025-07-20 03:03:12,LA
a95eb9d6-e06f-47bf-8d1f-bd425323ab0f,CUST0097,PRD048,5,21.92,109.6,2025-07-20 13:07:46,NYC
456d6f9f-fb0c-4e6f-9a92-dc35240377e1,CUST0006,PRD038,2,49.68,99.36,2025-07-20 00:52:34,LA
5c2f3bfa-becd-462a-b248-6f2d1328e944,CUST0066,PRD040,4,73.37,293.48,2025-07-20 10:20:07,Dallas
866bb9c3-89ca-475d-a781-4c062fed0673,CUST0049,PRD000,5,12.47,62.35,2025-07-20 15:30:43,LA
0272af31-9d8d-477c-ab2b-51c6298ab71e,CUST0067,PRD026,1,9.89,9.89,2025-07-20 16:22:09,Dallas
172cbea2-2ab0-4540-93ba-99cc4f859c3a,CUST0088,PRD036,3,51.59,154.77,2025-07-20 01:23:26,NYC
6a50ae78-db17-49d5-91c0-9ac5d9853b6d,CUST0026,PRD009,3,92.24,276.72,2025-07-19 22:28:43,Dallas
e6cd9031-79fa-4345-9462-599c76c791cc,CUST0002,PRD046,1,10.94,10.94,2025-07-20 11:19:47,Chicago
805eb44f-e22a-4eb1-b7d1-e5e0bd313bcf,CUST0019,PRD022,1,95.29,95.29,2025-07-19 23:59:34,Chicago
968d7925-7675-4d1a-a1ac-10dab444b1a9,CUST0027,PRD011,1,24.4,24.4,2025-07-20 17:53:55,Dallas
91a374db-188f-489a-b00c-da9fd5b5483b,CUST0006,PRD015,4,57.95,231.8,2025-07-20 08:48:52,Chicago
e417abb1-4d7f-4224-ab1c-9587749ef10c,CUST0075,PRD006,3,50.62,151.86,2025-07-20 17:36:26,NYC
d93c6c7e-19fb-4403-b447-473df61fdf59,CUST0046,PRD017,1,57.0,57.0,2025-07-20 09:21:19,Dallas
f9c98711-d52c-4096-9e1a-571263a3fcad,CUST0084,PRD046,4,9.86,39.44,2025-07-20 05:53:45,NYC
348f8561-b31b-4088-a5db-3710adc1c0de,CUST0076,PRD004,1,98.56,98.56,2025-07-20 05:26:12,LA
234318b3-49b7-4b93-940b-4c0ea9cc872d,CUST0094,PRD034,3,10.51,31.53,2025-07-19 21:27:46,LA
2fef196e-f8c5-4fb3-bb2c-1f1668b6f6c7,CUST0091,PRD045,4,91.55,366.2,2025-07-20 15:06:48,Chicago
c71364ed-c5c8-4903-ba66-a8402c38bd36,CUST0019,PRD047,2,61.45,122.9,2025-07-20 02:36:19,LA
cde0fd8c-52d5-40ba-8d9a-91a96269e8da,CUST0046,PRD015,4,45.28,181.12,2025-07-20 10:43:48,Dallas
f0662ae5-d0b4-4107-9361-fc588f29fc40,CUST0075,PRD043,4,24.7,98.8,2025-07-20 05:42:55,NYC
cc162ae3-2430-4176-9655-923d8dff858f,CUST0020,PRD022,2,12.14,24.28,2025-07-20 04:52:31,NYC
9d7427d2-b2ab-46f3-9a39-55d2188bc6ac,CUST0074,PRD033,2,28.15,56.3,2025-07-19 23:41:24,Chicago
aa55f0ad-3aa6-4513-9b24-8047183a43c3,CUST0093,PRD020,4,27.2,108.8,2025-07-20 06:54:55,NYC
deea7b0d-38b5-484d-8d41-aa5c6007da76,CUST0049,PRD036,2,87.81,175.62,2025-07-20 15:23:49,NYC
001e12bf-70ec-4aad-9074-fb28c1fa1708,CUST0081,PRD046,3,10.84,32.52,2025-07-20 16:17:18,LA
bd3f8d90-e499-4683-af3f-373d7d084750,CUST0007,PRD046,4,47.89,191.56,2025-07-20 16:26:17,Dallas
01aeadb3-90d5-4dca-8a21-48fe981c4db5,CUST0006,PRD029,3,65.78,197.34,2025-07-20 14:38:32,LA
b23159cb-f065-4193-994c-ad6db0266057,CUST0026,PRD005,5,32.97,164.85,2025-07-20 15:03:08,Dallas
c1d072a3-ab93-4d26-8e13-696a72c04bd5,CUST0046,PRD013,5,42.65,213.25,2025-07-20 08:08:03,Chicago
06ec7390-41a6-4835-b872-23cbb73e46fa,CUST0087,PRD027,2,89.91,179.82,2025-07-19 23:58:53,Dallas
5ac02372-893c-4b5f-b891-5c247288aed1,CUST0073,PRD041,5,19.05,95.25,2025-07-20 01:29:10,NYC
0264af4e-0fc7-4180-9b49-e67191720353,CUST0006,PRD005,2,46.49,92.98,2025-07-20 11:23:42,LA
cf54bba0-4735-4b35-bb5a-5b1250597852,CUST0005,PRD038,3,75.51,226.53,2025-07-20 06:25:25,LA
bb265c03-3110-47e6-9490-d54e476ea91d,CUST0065,PRD045,5,11.12,55.6,2025-07-20 05:29:31,Dallas
ac268da9-e872-472c-a15d-2eaac518d5f3,CUST0003,PRD020,3,16.9,50.7,2025-07-19 23:46:22,Chicago
4eefceb0-0d70-4615-a292-68ec9454ada3,CUST0063,PRD016,5,92.48,462.4,2025-07-20 20:16:36,Chicago
486b00e4-7340-4c85-8531-252d65bb16b0,CUST0026,PRD025,1,39.0,39.0,2025-07-19 20:36:11,LA
1aec610c-b937-4a9c-b191-f78b5f331084,CUST0030,PRD016,2,81.64,163.28,2025-07-20 19:04:07,Dallas
a88f87c3-1de9-4c4a-9773-4c18cead4347,CUST0008,PRD010,1,86.11,86.11,2025-07-20 00:05:41,LA
d4f7df5a-515a-4870-ab43-c6810ed57d0c,CUST0065,PRD023,3,67.03,201.09,2025-07-20 19:40:05,LA
1cdabee9-2929-46fb-9278-f57c1debb671,CUST0079,PRD024,2,66.36,132.72,2025-07-20 20:12:03,Chicago
7ca6e9f8-466b-4016-a05d-8a9a93d7e593,CUST0052,PRD022,3,37.46,112.38,2025-07-19 21:29:31,Dallas
db7f59e3-3de9-4f1f-97b9-9a4353b9502c,CUST0031,PRD036,4,95.66,382.64,2025-07-20 00:44:43,NYC
6e5e6900-6100-47a1-a9ec-292a7e01717d,CUST0086,PRD027,1,38.79,38.79,2025-07-20 03:31:07,Chicago
757f7fde-e35a-4439-a0a4-f53d6db820a5,CUST0038,PRD047,5,92.97,464.85,2025-07-19 23:01:14,Dallas
3e2c4c73-09f5-4ff6-909a-c0d25b8b04db,CUST0089,PRD039,5,85.68,428.4,2025-07-20 00:50:25,Chicago
1fc40ed9-ad38-48e2-9d60-187cb4f22e42,CUST0016,PRD028,1,47.39,47.39,2025-07-20 19:48:48,LA
3708a002-2743-4807-b780-e82db05f63c8,CUST0017,PRD018,5,42.06,210.3,2025-07-19 22:54:30,Dallas
7c0800fb-bd79-4a65-9f92-dab6306ce3e2,CUST0039,PRD030,4,68.07,272.28,2025-07-20 01:47:50,Chicago
518ec963-1e88-439c-a68b-de046845d602,CUST0062,PRD003,1,14.99,14.99,2025-07-20 08:49:57,Chicago
513e930d-c4ad-4e7d-9caa-a4ee2992a17f,CUST0091,PRD035,4,48.6,194.4,2025-07-20 16:11:46,NYC
6ab04c7b-c22c-41b7-86ea-aff64638d21c,CUST0036,PRD029,1,65.93,65.93,2025-07-20 03:02:04,Dallas
4fcc5e69-4602-4d43-a446-853e9257edb2,CUST0038,PRD019,1,51.34,51.34,2025-07-19 21:23:27,NYC
12dc4afe-0008-49ee-97af-f99dc4bf24cc,CUST0068,PRD018,2,85.5,171.0,2025-07-19 21:29:26,NYC
390eb077-0816-4732-bd4d-3561224b4646,CUST0053,PRD002,1,59.65,59.65,2025-07-20 16:50:52,NYC
4bdba1f3-2249-460b-bf56-ef91c36fddd8,CUST0047,PRD001,4,33.02,132.08,2025-07-20 05:51:58,NYC
b864624a-9fc5-487a-82ae-99565bbbb3dd,CUST0057,PRD003,5,56.29,281.45,2025-07-19 23:52:00,LA
4365909f-d228-42b5-b30f-9caaa9bba612,CUST0076,PRD004,2,71.93,143.86,2025-07-20 15:01:56,Chicago
3f7d6b1a-9198-4b66-b841-64af3337ca22,CUST0020,PRD024,1,84.3,84.3,2025-07-20 08:51:03,LA
720e02ee-46ec-4ff9-b986-c4ab27caa5d2,CUST0040,PRD005,3,63.09,189.27,2025-07-19 22:17:21,NYC
94e72a16-e563-44af-8b1d-6cb8184d8e9b,CUST0058,PRD029,1,82.19,82.19,2025-07-20 02:33:16,NYC
ecd6179c-d954-4acf-acd7-0199f6452d7b,CUST0023,PRD044,3,34.63,103.89,2025-07-19 20:23:18,Chicago
954dd18c-ce5b-40cc-862c-17b658c3626a,CUST0062,PRD004,1,49.42,49.42,2025-07-19 20:26:56,NYC
d93002d2-d129-4dd1-b7c8-dca0928fc4ec,CUST0033,PRD028,4,51.61,206.44,2025-07-20 10:49:20,Chicago
36d5db33-2947-4d0c-9b66-40d817e6c278,CUST0094,PRD040,2,70.71,141.42,2025-07-20 09:48:35,Chicago
4a9e1a84-df89-465d-9568-50db6a37d5e1,CUST0085,PRD000,4,32.11,128.44,2025-07-20 06:02:01,NYC
62924802-701f-448b-a754-1bba41d8ed02,CUST0073,PRD003,5,45.41,227.05,2025-07-20 19:50:16,Chicago
6bd5f6c3-4a17-4837-8c2d-7f556eb35c11,CUST0064,PRD025,1,36.35,36.35,2025-07-20 06:41:33,LA
e0fd618f-b96b-4d5e-9517-cb30a040a2ba,CUST0041,PRD001,5,92.69,463.45,2025-07-20 09:18:19,NYC
1c282745-d15c-4883-b66f-0088b1f5b0dd,CUST0054,PRD037,5,70.31,351.55,2025-07-20 15:47:31,Dallas
e9983451-a1c7-4dff-8e24-521a5fe30888,CUST0035,PRD038,2,65.77,131.54,2025-07-20 07:51:27,Dallas
9412fca5-b5cb-4056-8967-db1da65dd0f2,CUST0097,PRD021,4,74.97,299.88,2025-07-20 18:59:22,LA
8612d6aa-cd8e-45d2-b747-a355aa433df2,CUST0007,PRD013,1,87.54,87.54,2025-07-20 18:17:03,Chicago
aac57541-915b-4979-93ad-e362ee73a2ef,CUST0038,PRD024,3,79.01,237.03,2025-07-20 16:45:42,Chicago
776d977c-a423-46f7-940a-9a4e598ead8c,CUST0053,PRD014,1,31.38,31.38,2025-07-20 11:41:54,Chicago
a22c6271-6e3b-41bb-8c69-8d80093fd80e,CUST0044,PRD045,3,62.18,186.54,2025-07-20 09:40:21,LA
7a1315f2-a246-4136-8d62-62d9e1245e63,CUST0071,PRD044,3,63.04,189.12,2025-07-20 05:58:13,LA
75cd4994-f954-4ad4-bd08-221acbbf959c,CUST0059,PRD008,5,26.92,134.6,2025-07-20 19:14:38,LA
cebb5f2d-78ae-4bca-a7e1-397f8e1da78f,CUST0090,PRD029,2,26.91,53.82,2025-07-20 14:12:19,Chicago
1a7e322d-4d67-48fe-934d-3948afcbe228,CUST0011,PRD016,1,23.45,23.45,2025-07-20 19:36:06,NYC
1bb94c20-da33-427a-a691-35a83cb2374d,CUST0040,PRD023,3,45.61,136.83,2025-07-20 17:12:06,LA
6604b980-a779-446a-b4c9-e44c4d372db6,CUST0042,PRD021,4,85.94,343.76,2025-07-20 15:31:18,LA
cf3c08de-54b7-4e4e-a883-a5550bab541f,CUST0008,PRD021,2,53.0,106.0,2025-07-19 23:44:48,Dallas
b17a9822-f63f-4aff-878c-22e00dc19e46,CUST0079,PRD030,2,90.68,181.36,2025-07-20 14:58:59,LA
d02956e5-1c3a-420e-aa92-9bd739b345ae,CUST0022,PRD019,3,23.89,71.67,2025-07-20 00:46:11,NYC
e440c093-cd69-42ab-bdfd-26385cce84e7,CUST0017,PRD035,4,40.46,161.84,2025-07-19 23:09:46,LA
cfc739a3-e157-47bd-9136-ba11ecd9ee90,CUST0021,PRD041,5,13.81,69.05,2025-07-20 15:10:43,NYC
73fd55cd-10f2-4172-983a-43ae0b0ab6e3,CUST0096,PRD047,2,44.51,89.02,2025-07-20 17:44:17,Dallas
9976e286-8b0a-4aaf-8c55-1e4b9dc23343,CUST0069,PRD027,3,52.66,157.98,2025-07-20 10:58:25,NYC
8e790616-39f8-4265-8d78-3e11cad7a2e8,CUST0038,PRD040,1,79.21,79.21,2025-07-20 16:08:11,LA
49100c7c-0bd2-4535-ba8a-000e551db476,CUST0017,PRD008,5,93.58,467.9,2025-07-20 09:16:14,Chicago
5ecfde02-00ac-4ff7-b239-449ec2ab83c2,CUST0022,PRD040,2,83.1,166.2,2025-07-19 22:43:02,Chicago
cecb19b5-a36f-491b-b65d-7d3549a86e97,CUST0072,PRD045,1,38.48,38.48,2025-07-19 21:27:00,Chicago
d7507b7b-a532-4347-a3aa-454859fa1ddc,CUST0062,PRD025,4,62.58,250.32,2025-07-20 09:30:15,Chicago
f5e9d5d7-6027-43b1-aab9-451fe8667eee,CUST0060,PRD010,5,68.24,341.2,2025-07-20 13:46:06,NYC
ea2e6f40-3c3b-4dcd-b0bf-f50fd4b23cb1,CUST0062,PRD044,1,71.62,71.62,2025-07-19 21:32:50,NYC
d111d6dd-db9c-4175-874c-f60b2d9b06ff,CUST0064,PRD032,3,15.93,47.79,2025-07-20 10:58:04,Dallas
e903ce49-2c98-4d6b-98fb-313861029d8f,CUST0087,PRD048,1,29.34,29.34,2025-07-20 00:56:28,LA
e76d738a-ca7b-4ed0-9fbf-cc0ed74350bd,CUST0029,PRD038,3,39.0,117.0,2025-07-19 22:30:16,LA
971f2fbe-b845-4a30-ac20-cd3af2ec24fb,CUST0025,PRD004,3,53.0,159.0,2025-07-19 22:56:27,LA
064ae6ea-01ea-40c9-86b0-af2d10041303,CUST0067,PRD029,4,72.46,289.84,2025-07-20 08:55:19,Dallas
164dcb44-e8e2-4ab7-8111-d44ac5dce49f,CUST0020,PRD021,5,24.88,124.4,2025-07-20 02:52:22,LA
bcf55638-b70d-44d7-a5bf-2732a2619eb1,CUST0004,PRD039,2,36.84,73.68,2025-07-20 03:31:04,Dallas
81eb6178-ddd8-47f3-acbc-cd0878f6fc8c,CUST0015,PRD018,5,38.32,191.6,2025-07-20 07:40:47,Dallas
88804ca6-0e01-48ce-a80f-5bcc287441be,CUST0035,PRD011,5,23.49,117.45,2025-07-20 19:30:43,NYC
f2bd3e0a-f7f7-446a-9fc4-136537d06844,CUST0049,PRD031,5,51.61,258.05,2025-07-20 04:52:25,NYC
71078cff-7855-4149-bd98-73fd6a6abb8f,CUST0093,PRD006,5,41.93,209.65,2025-07-20 12:17:51,NYC
7682ff83-a73d-4440-a43e-8f6c224cd692,CUST0019,PRD001,4,6.96,27.84,2025-07-20 02:19:50,Chicago
091f9c3e-5f8d-46b8-b6c8-a28662030fa7,CUST0046,PRD015,4,80.38,321.52,2025-07-20 12:32:21,NYC
1f7cdd01-750d-4ba1-b27b-f818c96f1759,CUST0088,PRD032,4,69.94,279.76,2025-07-20 06:36:18,NYC
33d4ca94-674c-48eb-a461-047b4280adf0,CUST0019,PRD049,4,45.42,181.68,2025-07-20 15:32:58,LA
11a5c431-1da2-4797-aec7-c2340ed272ca,CUST0093,PRD037,2,40.97,81.94,2025-07-19 21:23:56,Chicago
933ff994-c2b0-4163-93fc-1b71a8d7249e,CUST0009,PRD037,1,25.21,25.21,2025-07-20 04:44:50,Dallas
a98f1362-55ef-459d-8822-82ed9c2ea4d3,CUST0042,PRD024,3,25.61,76.83,2025-07-20 02:47:56,Chicago
7873539a-512e-4690-bbd7-f0b109effb44,CUST0048,PRD005,3,53.47,160.41,2025-07-19 23:02:48,Chicago
df702868-227e-477a-b202-0a2220405065,CUST0046,PRD002,4,59.85,239.4,2025-07-20 13:59:46,Chicago
b7f1d25b-9e45-4026-8d53-25212bac01b0,CUST0068,PRD009,1,69.07,69.07,2025-07-20 15:29:39,NYC
c3312667-5113-4191-9f05-e40a395d10d5,CUST0099,PRD038,2,68.08,136.16,2025-07-20 19:22:50,LA
f0c7e06f-cd54-490f-b068-47c3c302e06b,CUST0041,PRD015,4,90.6,362.4,2025-07-19 23:01:27,NYC
dc42c087-c686-4f79-aac5-e933b165bbf7,CUST0018,PRD012,4,55.34,221.36,2025-07-20 09:24:01,NYC
62328f67-dc91-47ec-bd4e-c046d0181807,CUST0083,PRD035,1,86.0,86.0,2025-07-20 04:53:28,Chicago
ee19868a-cadb-4a6d-a195-a89318be4284,CUST0081,PRD009,1,40.04,40.04,2025-07-20 19:07:40,LA
34214cbf-b43f-449f-9790-b6144e280eef,CUST0091,PRD033,3,9.34,28.02,2025-07-19 22:19:44,NYC
e3e94fe7-ca63-42d2-97eb-1b1c64c74a89,CUST0078,PRD031,5,98.71,493.55,2025-07-20 16:07:31,NYC
75eda860-841f-4176-b90c-3f190195119f,CUST0069,PRD011,2,38.69,77.38,2025-07-20 14:22:44,NYC
21273a7e-a97d-4932-b170-17e41fbc6b77,CUST0083,PRD038,2,82.53,165.06,2025-07-20 16:22:12,Chicago
e18259c2-c19e-4191-a135-8607fd2aeecb,CUST0010,PRD025,5,6.7,33.5,2025-07-20 06:56:03,Chicago
82bb2131-d7cd-496f-8010-bf1ee0e0a13b,CUST0002,PRD017,2,30.61,61.22,2025-07-20 10:48:43,LA
c8d94b98-4a3e-47a7-a21e-463bba7af64f,CUST0022,PRD038,5,52.97,264.85,2025-07-20 10:41:58,Dallas
febee324-8c22-43b9-8299-f31d98991d49,CUST0059,PRD028,5,48.4,242.0,2025-07-20 15:24:42,LA
32c9ac31-78e8-430c-9172-60f8bbbbb991,CUST0065,PRD038,5,37.05,185.25,2025-07-20 15:20:17,Chicago
8940c269-c0fd-4d70-b294-376284864ab5,CUST0066,PRD008,1,59.87,59.87,2025-07-20 11:47:22,Chicago
983b573a-f397-4e25-ba0f-91cae1fdb546,CUST0013,PRD031,2,80.34,160.68,2025-07-19 21:22:46,Chicago
1219a309-d97b-4e0d-9807-3aff7a9e456a,CUST0024,PRD013,4,30.76,123.04,2025-07-20 11:58:54,NYC
19938973-57be-4873-b203-ab29ae728488,CUST0003,PRD036,4,96.54,386.16,2025-07-20 04:30:01,Chicago
5e09bab2-8110-40cf-8950-dd151623795b,CUST0070,PRD048,1,45.62,45.62,2025-07-20 00:26:07,Chicago
06d74ca0-4f63-4024-aa9c-7f8f975f6836,CUST0072,PRD033,3,9.86,29.58,2025-07-19 21:10:32,LA
ca178839-533b-452a-80c7-218c11ac816d,CUST0072,PRD023,1,43.22,43.22,2025-07-20 01:59:24,LA
23197fe3-5722-4c73-bfef-301bdafbd693,CUST0058,PRD040,5,90.81,454.05,2025-07-20 19:24:11,LA
2e66a74d-72d4-43dc-a917-daf258979a60,CUST0033,PRD000,5,72.9,364.5,2025-07-20 05:26:38,LA
5c78edf7-fd48-4fb8-bd05-42d66bf93125,CUST0023,PRD007,5,76.82,384.1,2025-07-20 04:48:32,Chicago
3ff49c0f-c7de-4f98-a293-8575b49b10ca,CUST0028,PRD025,2,86.46,172.92,2025-07-19 23:00:34,NYC
e28d9a07-aedc-42d4-b1d9-1265c5412202,CUST0043,PRD036,4,22.77,91.08,2025-07-20 12:13:13,Dallas
8f6c7c14-30ad-48cd-a699-9d9849417f30,CUST0015,PRD011,1,43.02,43.02,2025-07-20 09:17:28,NYC
9e2e8ad8-053b-4c33-b118-6baab4954683,CUST0028,PRD005,1,65.3,65.3,2025-07-19 20:58:04,LA
81814eb6-9a6f-4734-a027-76a7de998126,CUST0046,PRD009,1,32.0,32.0,2025-07-20 13:43:35,Chicago
7a481ac2-2e73-4efb-a491-06e717946235,CUST0098,PRD040,3,52.66,157.98,2025-07-20 09:33:06,Dallas
656a4370-a390-4a9d-b444-6c260b8c0ebf,CUST0031,PRD018,2,64.83,129.66,2025-07-20 00:19:44,NYC
7def132b-df7e-49a0-b0f2-53b01e9c5b2a,CUST0059,PRD049,5,70.29,351.45,2025-07-20 10:52:30,Dallas
06a137f1-505b-4dfb-813f-0a666742796f,CUST0060,PRD013,2,20.69,41.38,2025-07-19 23:11:40,Chicago
73c07db6-8524-4b5d-b76b-e7eb353ffd88,CUST0006,PRD035,5,69.74,348.7,2025-07-19 23:06:38,Dallas
9d7ab9f7-fb8c-4071-a593-e22f25b7c98c,CUST0027,PRD020,4,28.76,115.04,2025-07-20 01:48:22,LA
689d81ab-0b80-4483-b7e8-8cb60e9ba657,CUST0013,PRD014,4,70.29,281.16,2025-07-20 04:43:52,Dallas
d0ec069a-c516-40d2-b344-b179a829a703,CUST0070,PRD003,5,71.93,359.65,2025-07-20 10:23:40,LA
fb4cf2b8-48cf-4937-901d-1f8664fe7c37,CUST0071,PRD009,5,38.54,192.7,2025-07-20 12:23:04,NYC
42602930-28eb-4f01-a59b-e2ded9e6bdda,CUST0062,PRD012,2,36.73,73.46,2025-07-20 09:48:57,NYC
d73d8c3b-8ee2-4a72-8a19-79bb02d6827e,CUST0031,PRD011,5,25.32,126.6,2025-07-20 00:16:56,Chicago
52c9c5e7-bd9d-4434-bd8a-57e0c2a7ec13,CUST0049,PRD029,1,73.21,73.21,2025-07-20 12:10:41,Dallas
1645e575-9ac9-477f-84df-20b08fca1d72,CUST0006,PRD007,2,64.8,129.6,2025-07-20 00:32:45,LA
22b66d4e-c5fb-4587-98d1-c308ad8795e9,CUST0049,PRD031,2,10.86,21.72,2025-07-20 09:17:01,LA
d0e654e2-77c0-4615-af3e-4da095b42311,CUST0067,PRD036,1,88.23,88.23,2025-07-20 12:24:05,NYC
a47c69ca-ad52-479f-98ee-ea38dc803697,CUST0076,PRD006,2,60.06,120.12,2025-07-19 23:46:17,Dallas
b63136ba-0c29-4fa1-907c-25d169ab13cd,CUST0069,PRD043,5,93.74,468.7,2025-07-20 07:14:35,Dallas
b1db9cb2-49a7-49f6-b1f2-b339669303eb,CUST0013,PRD011,4,12.08,48.32,2025-07-20 03:36:59,Dallas
6317bd48-f2ba-4f6f-aa76-ea40bc47ee74,CUST0091,PRD047,3,51.89,155.67,2025-07-20 03:36:20,NYC
2e00ead8-03de-4d87-9f63-7dc9d67f75d8,CUST0046,PRD021,5,28.37,141.85,2025-07-20 06:36:25,Dallas
246154bb-5a10-4e26-9267-9eee9be48a46,CUST0075,PRD030,1,65.9,65.9,2025-07-20 15:29:03,Dallas
7603c684-fb4c-46ef-b332-fa5914d29498,CUST0058,PRD035,4,13.71,54.84,2025-07-20 05:48:39,NYC
92bfa541-8f3c-4002-bda0-2e00844f7f36,CUST0064,PRD046,4,95.61,382.44,2025-07-19 23:01:01,Chicago
df07c9cc-f9db-4ba7-9dd6-28490be76b66,CUST0090,PRD004,1,73.25,73.25,2025-07-20 02:31:21,Chicago
20e8789b-ad2d-4295-ab3c-c2ce6de3e25e,CUST0045,PRD046,2,79.78,159.56,2025-07-20 15:44:12,NYC
78e19491-203f-42e6-9730-1276c2cd6077,CUST0087,PRD001,5,12.55,62.75,2025-07-20 03:09:29,NYC
19b9aeb9-179e-456a-8191-f19135e95c61,CUST0094,PRD033,2,43.61,87.22,2025-07-20 06:49:35,Dallas
27298a28-af26-4d03-85a3-4d05bfd4e0ff,CUST0067,PRD041,5,71.71,358.55,2025-07-20 16:51:51,Dallas
aca8e68a-8456-4f28-ba44-2bb2cc9e2bd9,CUST0044,PRD019,3,5.57,16.71,2025-07-20 13:41:17,Chicago
5ed90696-d128-4637-9f6f-95df7f7a0396,CUST0041,PRD025,2,77.89,155.78,2025-07-20 16:07:24,NYC
f7795f34-bb98-41e9-bc66-a467643eae5d,CUST0008,PRD007,5,71.22,356.1,2025-07-20 17:01:36,LA
e899cf8b-7462-4cab-9a26-4cd2aba62e91,CUST0066,PRD023,2,68.9,137.8,2025-07-20 11:30:52,LA
76f69fbd-87ff-44f6-a4f1-66f76911bfdf,CUST0038,PRD019,5,25.46,127.3,2025-07-19 21:55:28,LA
939ea910-e20c-4bd1-a18d-2c40f3b7bbda,CUST0086,PRD013,4,32.68,130.72,2025-07-20 19:17:43,Dallas
231c848f-8206-4d56-8d03-a55f6b463da5,CUST0052,PRD038,4,67.13,268.52,2025-07-20 13:52:26,Dallas
30ea5d1a-cdbf-4a55-a553-b05c0efc5fb5,CUST0013,PRD021,4,43.47,173.88,2025-07-20 15:08:27,Chicago
4a6e5011-2c76-472b-a053-f2c01bd12ad0,CUST0076,PRD041,5,88.55,442.75,2025-07-20 14:52:14,Dallas
43c9ff3c-dde1-4397-a3ce-51fbb0cf625c,CUST0084,PRD039,2,68.04,136.08,2025-07-20 19:29:17,NYC
dba5fc7d-4005-4aaf-9e2b-2241e44803e4,CUST0021,PRD039,2,81.6,163.2,2025-07-20 10:42:57,LA
25171c90-6a71-4fe0-9df2-d87e038a9a3b,CUST0063,PRD039,1,40.63,40.63,2025-07-20 13:30:36,Dallas
fc64c325-79aa-463d-a09d-b5ca2d739e0d,CUST0037,PRD040,3,98.51,295.53,2025-07-20 09:28:31,NYC
81c0eda8-2d86-4869-9d9f-29d0f58a662c,CUST0001,PRD007,2,77.21,154.42,2025-07-19 23:01:46,NYC
48c2ad51-bc68-4305-9010-452236af1ab6,CUST0063,PRD020,5,23.46,117.3,2025-07-20 17:27:50,Chicago
c3555405-5212-4f44-a24d-6210a61d0ef0,CUST0033,PRD041,1,87.39,87.39,2025-07-20 09:39:54,Chicago
38b922ef-0192-42f4-8dc6-2234a607f413,CUST0037,PRD049,5,30.32,151.6,2025-07-20 02:21:46,LA
a4a75d89-0d91-48b3-b182-3cca02c39539,CUST0043,PRD029,5,49.59,247.95,2025-07-20 08:01:29,Chicago
62e5d3b9-8bca-46a1-bc3e-8f6671d58f4e,CUST0049,PRD036,3,40.93,122.79,2025-07-20 04:27:06,Dallas
a4eaeaf3-72fb-4c86-8a8f-a02b98b350d4,CUST0039,PRD016,2,71.47,142.94,2025-07-20 07:20:46,LA
80e063d5-755c-4bfd-8b65-2b2a4cb64587,CUST0078,PRD024,4,14.66,58.64,2025-07-19 21:02:16,LA
643c2a39-9824-47e5-90fd-24fd7352d21e,CUST0033,PRD049,1,88.99,88.99,2025-07-20 12:30:11,NYC
c12f4280-86a3-4617-aa7a-83affdf809a6,CUST0023,PRD026,1,85.46,85.46,2025-07-19 22:05:37,LA
19543a80-c788-463f-92f5-61f368080a93,CUST0078,PRD019,3,34.54,103.62,2025-07-20 02:46:46,LA
8b659885-5854-4d99-aeea-fdc750ad2682,CUST0036,PRD037,2,73.62,147.24,2025-07-19 21:46:55,Chicago
d7c397f5-1c70-45b9-b925-d29eb7fd44d6,CUST0071,PRD040,4,75.9,303.6,2025-07-20 11:28:49,NYC
9a6a8ef6-30bd-4919-bf0f-53e82cc7cc3a,CUST0002,PRD011,2,25.23,50.46,2025-07-20 01:36:05,LA
77e07415-5bbc-4e61-b078-b944690a1882,CUST0053,PRD000,2,91.65,183.3,2025-07-20 15:13:08,LA
72a8592f-3ebb-4fde-a602-8ff21205c334,CUST0082,PRD002,5,24.97,124.85,2025-07-20 10:14:20,NYC
ab7d761f-f81c-4ad0-aa42-e7bd46d7739f,CUST0050,PRD000,4,35.82,143.28,2025-07-20 10:56:47,Dallas
55ca3746-f428-4bb5-981a-a23fe74bc9e7,CUST0029,PRD036,1,39.78,39.78,2025-07-20 03:26:21,Chicago
df04c126-f853-439b-b9cb-4838e070d079,CUST0079,PRD035,2,81.7,163.4,2025-07-20 08:58:02,Chicago
3df09b6b-e4fa-4e4b-93de-c0a4691cb573,CUST0086,PRD045,5,20.13,100.65,2025-07-20 06:58:02,LA
668bea9a-9c4f-4c82-b829-d868f1eb4733,CUST0015,PRD011,5,40.52,202.6,2025-07-19 21:46:35,Chicago
7cae0d56-45e3-4693-b7a1-d28a141b624a,CUST0077,PRD035,3,19.91,59.73,2025-07-20 16:07:38,Dallas
517f5050-55c2-4d83-b21a-1ab94eb184ae,CUST0006,PRD010,2,79.68,159.36,2025-07-19 22:40:34,Chicago
6f391427-b244-4a55-9368-be136eda5831,CUST0088,PRD048,3,45.61,136.83,2025-07-20 06:16:07,Chicago
bc57f07e-654a-4f2c-8f46-1a53591fe9c8,CUST0092,PRD032,3,75.77,227.31,2025-07-20 09:25:59,NYC
1ff0fed7-e30c-432b-8700-4413dc763160,CUST0073,PRD031,2,5.42,10.84,2025-07-20 16:49:31,LA
0e66b73e-dfd0-4d14-a077-13e2d11057e8,CUST0048,PRD025,4,11.99,47.96,2025-07-20 15:53:43,Dallas
1346c5db-2264-46fe-91d4-ffc8368f60bc,CUST0087,PRD041,3,34.8,104.4,2025-07-20 17:09:25,Chicago
a6f97491-52f0-4e44-b7a1-17014eee1d8e,CUST0071,PRD028,1,42.05,42.05,2025-07-20 07:32:19,NYC
28372e25-ceeb-4710-8e9e-d5eaaf59ee3f,CUST0068,PRD035,5,27.77,138.85,2025-07-20 15:15:33,Dallas
b368f343-c5b6-4bd8-a105-4ab776c49555,CUST0016,PRD005,3,82.25,246.75,2025-07-20 02:16:29,Dallas
d64f60f1-45e7-41f6-9e02-a9693fc35cd6,CUST0063,PRD029,5,5.87,29.35,2025-07-20 07:02:33,LA
4635798f-e8b1-41d8-b86e-b843eee5aa37,CUST0090,PRD019,5,80.94,404.7,2025-07-20 13:43:04,NYC
c6c49515-118c-44ed-9e57-1b82fc848d87,CUST0090,PRD036,3,17.38,52.14,2025-07-20 12:34:07,LA
08f2f213-c1a4-426a-a7ce-58de05abe934,CUST0006,PRD009,4,52.91,211.64,2025-07-20 04:01:13,NYC
40494a82-e898-4c3c-bd33-93da634cad99,CUST0044,PRD012,3,49.11,147.33,2025-07-20 16:09:39,Chicago
6c515f41-63e7-42aa-90c9-aef649098a3a,CUST0077,PRD017,4,17.38,69.52,2025-07-20 18:02:18,LA
4dde0eb4-af0f-4ad8-9a5c-ef2245615969,CUST0079,PRD034,5,53.54,267.7,2025-07-20 10:36:05,Dallas
988a564f-81ef-40f8-b4e1-ea6dc783c61f,CUST0032,PRD016,1,97.53,97.53,2025-07-20 07:18:18,Dallas
720838a9-1cbf-4e9a-adfc-0e65a0d2e29e,CUST0057,PRD047,1,35.68,35.68,2025-07-20 11:38:08,NYC
8cf80e33-77c7-408c-bfcc-c0dfeaf2c112,CUST0061,PRD016,2,41.43,82.86,2025-07-20 03:57:52,NYC
5765c8ef-7d83-494b-ae32-f97aaa3fdf4a,CUST0065,PRD005,3,35.42,106.26,2025-07-20 04:59:06,Dallas
07c33cd2-7aeb-43e3-bc8f-f997de742200,CUST0063,PRD028,5,15.31,76.55,2025-07-20 15:52:29,Dallas
2db99919-f139-4935-bf66-b3cceeae3474,CUST0054,PRD020,5,28.28,141.4,2025-07-20 01:18:57,NYC
2ead24f2-f778-4273-a4d5-0d2be062d583,CUST0009,PRD005,1,18.12,18.12,2025-07-20 05:30:52,LA
b7065d26-ea8b-4e6b-ad55-39193c4a5d96,CUST0064,PRD004,2,31.77,63.54,2025-07-20 13:30:22,NYC
4a8dc7be-81be-4e2c-9754-1445a0c3695a,CUST0078,PRD034,1,64.39,64.39,2025-07-19 22:27:48,Dallas
5be49ec8-ee60-4285-9be3-e3b24cfcc42c,CUST0078,PRD005,4,78.43,313.72,2025-07-20 01:31:58,NYC
9a117eac-b3bc-495b-8a9e-417f2957f9d4,CUST0028,PRD030,5,95.73,478.65,2025-07-20 17:52:20,NYC
860861a7-0d21-484f-9a69-891180449a8e,CUST0099,PRD044,3,28.96,86.88,2025-07-20 04:08:52,LA
19ff35a1-4ce6-488d-b84d-b4909aab6497,CUST0000,PRD046,3,89.58,268.74,2025-07-20 06:27:21,LA
4f4266cc-e49c-4e71-92b5-091402f9154b,CUST0096,PRD034,5,84.47,422.35,2025-07-20 10:40:31,Dallas
22c1a753-501d-47be-a0fd-81183a13c0c3,CUST0028,PRD005,2,40.06,80.12,2025-07-20 04:26:36,Chicago
1b6ba368-806e-480e-bac4-49e08150357c,CUST0000,PRD039,2,97.11,194.22,2025-07-20 06:52:39,Chicago
e13829d4-0a00-4717-bbaf-80cceca46ff8,CUST0005,PRD014,1,64.67,64.67,2025-07-20 17:40:16,Dallas
0b1a6464-8851-4898-b1e9-8b3dfc4ff015,CUST0081,PRD044,2,47.13,94.26,2025-07-20 14:48:37,Chicago
831a9e91-37d0-4469-a114-f135778ca24d,CUST0068,PRD004,1,54.93,54.93,2025-07-20 01:40:11,Chicago
b9ab64f6-a917-4e8f-9b1a-dadb3e2b1867,CUST0015,PRD043,1,18.35,18.35,2025-07-20 04:22:52,Chicago
dc1059b1-5d1b-491f-8f33-8cd55e47ac81,CUST0043,PRD004,2,50.43,100.86,2025-07-20 19:11:03,LA
b75be50e-258f-4cf0-a315-a9dca1f15448,CUST0037,PRD037,1,81.15,81.15,2025-07-20 02:10:21,LA
9b2a1a8f-9968-4f1c-8b73-850f69b42fde,CUST0008,PRD006,1,70.11,70.11,2025-07-20 16:56:10,NYC
6f04d484-61e0-4041-a0e5-07ff0d578875,CUST0031,PRD006,2,96.77,193.54,2025-07-20 12:37:06,NYC
ad6c10b0-a461-4493-887f-4eb2b2104c8c,CUST0011,PRD021,1,70.38,70.38,2025-07-20 19:58:02,Chicago
a07cfaf4-6309-44d7-a2f9-88c30be55ca0,CUST0070,PRD036,4,60.46,241.84,2025-07-20 13:56:15,Chicago
118d8154-5031-4840-aeab-2a44647548ea,CUST0062,PRD042,3,12.43,37.29,2025-07-20 03:32:38,NYC
836d920a-8cf6-4632-827e-7c0e903fd00e,CUST0033,PRD047,5,13.26,66.3,2025-07-19 22:10:08,Chicago
263b9f7d-b9e7-47a3-8e19-c0f562278cd3,CUST0002,PRD001,1,48.25,48.25,2025-07-20 11:52:40,Chicago
ee24fa5f-081f-4619-848e-2ff132b1abba,CUST0091,PRD048,1,46.57,46.57,2025-07-20 16:00:59,Dallas
9d72f8a8-5719-4bda-bdb7-7ffd9ccdca3a,CUST0031,PRD036,2,12.41,24.82,2025-07-20 11:19:12,Chicago
246f091b-fb68-4961-aa1e-bd0c0686a082,CUST0007,PRD018,4,95.96,383.84,2025-07-20 09:54:39,Chicago
993ef902-3efa-4354-866b-870b2d3cb981,CUST0011,PRD030,3,92.57,277.71,2025-07-19 20:47:03,Dallas
fc2c44a3-473a-4299-8f2f-cf122b43acf5,CUST0039,PRD049,2,97.98,195.96,2025-07-20 16:17:39,LA
72f0e889-a427-4f48-8e1a-90ff5d8124f8,CUST0042,PRD032,5,83.29,416.45,2025-07-20 07:47:05,Chicago
887eeb5c-9210-44d1-b268-6e42f7f78768,CUST0006,PRD003,3,70.53,211.59,2025-07-20 18:21:55,Chicago
b76e262e-3adc-460f-9bb7-a5156b321bee,CUST0016,PRD044,3,99.98,299.94,2025-07-20 01:32:18,NYC
049c8fe8-6642-421d-8d68-dbf795a70f55,CUST0021,PRD042,3,52.19,156.57,2025-07-20 13:00:09,LA
cb597b42-9dc7-42f0-8b41-57824b9fe96f,CUST0016,PRD007,3,98.14,294.42,2025-07-20 06:56:26,Dallas
cf2a847b-0516-447e-962e-2660c2e23ddb,CUST0025,PRD046,1,43.48,43.48,2025-07-20 03:17:56,NYC
0a8dc155-a18a-44a1-9714-df18f140e022,CUST0078,PRD005,5,56.29,281.45,2025-07-20 09:59:07,Dallas
b237b1cc-bf1f-4911-a554-2f22f9f7ed91,CUST0012,PRD012,4,18.28,73.12,2025-07-20 09:06:04,Dallas
133fe66e-0750-4abd-99ff-f3b41015cf60,CUST0093,PRD027,4,50.94,203.76,2025-07-20 09:38:49,LA
1804bf4f-fa3b-4ac0-a177-c5fa48d17fe6,CUST0087,PRD031,4,95.93,383.72,2025-07-20 14:24:32,Chicago
141e653a-bba4-4773-b22b-31f7ba4172bd,CUST0042,PRD044,1,46.35,46.35,2025-07-20 09:46:09,LA
8058c854-3e2e-4e89-a0f4-320cfaea9eab,CUST0005,PRD049,4,6.06,24.24,2025-07-20 07:00:31,LA
b3e64245-c13b-4f43-acdd-aeef7e364d99,CUST0072,PRD024,1,30.65,30.65,2025-07-19 21:46:23,Dallas
b68c0603-2f57-4912-826c-aa90194a9c81,CUST0024,PRD020,5,50.47,252.35,2025-07-20 19:04:06,NYC
ca0ebf33-3322-42d5-881d-129f63bcc792,CUST0081,PRD022,5,41.0,205.0,2025-07-20 00:06:16,Dallas
b7b814a2-8500-490a-9d79-236dbb6794c2,CUST0084,PRD048,1,35.22,35.22,2025-07-20 11:34:21,NYC
9f9aca60-03c1-4128-882c-f5e05a4f2ac0,CUST0050,PRD030,2,97.78,195.56,2025-07-20 12:20:32,LA
5cc0a56d-5e78-4386-8e45-02c414feb5f6,CUST0022,PRD013,5,40.1,200.5,2025-07-20 04:49:50,Chicago
23cf49cf-8483-4410-aef4-5481024aecae,CUST0062,PRD049,1,34.31,34.31,2025-07-20 19:40:57,Chicago
1d0f9f9e-50a2-45d9-b8d9-e1f2f1b3ad1e,CUST0091,PRD002,2,98.82,197.64,2025-07-19 23:02:02,NYC
d3178df2-02f4-4ec6-b3e2-f59d3ee3e6de,CUST0087,PRD040,2,76.89,153.78,2025-07-20 08:49:42,LA
1740745a-474c-48ad-8f56-4bc6651f941d,CUST0004,PRD029,4,55.81,223.24,2025-07-20 02:27:09,Dallas
a7c947fe-5500-4ca5-bedc-80911027b822,CUST0033,PRD028,1,61.23,61.23,2025-07-20 00:19:08,Dallas
866d52d0-33db-417a-ba8f-cb6b283f6f4c,CUST0049,PRD031,4,84.13,336.52,2025-07-20 03:16:58,Dallas
748feb9f-7dfb-42de-9f25-559e3a6adc7a,CUST0046,PRD043,5,20.3,101.5,2025-07-20 20:06:10,NYC
96d0e910-9cad-4598-86da-6b668cd57dca,CUST0084,PRD039,2,90.19,180.38,2025-07-20 15:00:42,Dallas
5a1cd24b-4977-459b-a344-32e0d014cf96,CUST0067,PRD001,3,36.73,110.19,2025-07-20 12:00:47,Chicago
f63f48df-5a0f-4dd2-ac08-97cdc5ef5f75,CUST0034,PRD028,5,17.22,86.1,2025-07-20 04:27:47,LA
3aafc3e8-496e-458c-8da3-c900def585c9,CUST0071,PRD037,4,27.49,109.96,2025-07-20 19:49:55,Chicago
50beb6e1-a669-48b7-9813-5dea416442d1,CUST0033,PRD032,5,33.71,168.55,2025-07-19 21:38:00,LA
f1d87d07-4759-4efb-8d37-060207626383,CUST0065,PRD034,3,63.72,191.16,2025-07-20 00:02:26,NYC
c156420b-73c0-4ca6-b9fb-12d17c26c10c,CUST0022,PRD036,5,88.64,443.2,2025-07-20 01:42:50,NYC
6648cca1-04b4-467a-aeaf-734dfe70d714,CUST0037,PRD005,4,50.72,202.88,2025-07-20 03:33:43,NYC
b5b6b655-140b-40d3-ac9c-65fc58ee4a4a,CUST0009,PRD013,5,54.59,272.95,2025-07-20 19:24:38,Chicago
d356563e-8c4b-4d40-ae3e-a11d0e532d7a,CUST0028,PRD032,4,94.97,379.88,2025-07-19 22:18:59,NYC
a420e114-ace2-4788-9a02-4ea0ab53e48b,CUST0002,PRD017,4,35.03,140.12,2025-07-20 13:15:12,Chicago
1b98a3f8-035b-4492-b0b7-981fd819e3da,CUST0029,PRD008,2,57.71,115.42,2025-07-20 17:40:50,NYC
5ff9442d-48ac-497c-9668-3918984c8cb9,CUST0039,PRD001,2,58.4,116.8,2025-07-19 23:06:39,LA
42e641af-fe63-4765-b5a3-b5c78db9cac7,CUST0098,PRD028,1,69.61,69.61,2025-07-19 22:24:58,Dallas
590c3574-e5d3-43d9-bdce-bf831ed30cf3,CUST0014,PRD011,2,21.9,43.8,2025-07-20 15:35:49,Chicago
2becfb77-723f-4232-a919-ea916ca38ccf,CUST0083,PRD025,5,31.83,159.15,2025-07-20 14:00:21,Dallas
dc22f4e9-86c8-410a-ac4e-013a50e05681,CUST0022,PRD039,1,12.29,12.29,2025-07-20 17:41:53,Dallas
3d9812af-a6d4-4eb0-ae00-a53c75fb2291,CUST0054,PRD008,3,44.13,132.39,2025-07-20 05:28:25,Dallas
b59759f2-8c87-409f-8969-80ff7e597f50,CUST0058,PRD007,4,69.99,279.96,2025-07-20 04:41:12,Dallas
61592ab1-323d-49db-98ed-1f41e05e0df2,CUST0041,PRD038,4,70.91,283.64,2025-07-20 18:12:49,LA
598c1791-e4ee-40d9-9e0d-f0ab3593c742,CUST0066,PRD021,2,61.54,123.08,2025-07-20 04:46:37,NYC
b1ee0d97-75cc-4f37-ad58-c2a2bd60255b,CUST0057,PRD040,5,87.58,437.9,2025-07-20 12:22:21,LA
69264b90-7d14-4a39-b457-278fb8662896,CUST0001,PRD039,2,8.89,17.78,2025-07-20 14:18:33,Chicago
32387aaf-388c-4c60-b612-5c5934e41926,CUST0012,PRD040,3,16.74,50.22,2025-07-20 09:52:47,Chicago
1ecce4e4-0be7-43c8-9f51-c80484f6291e,CUST0052,PRD014,4,75.74,302.96,2025-07-20 03:39:35,LA
9e0c11dc-707c-42c4-afbc-181c8e6790ae,CUST0050,PRD047,2,79.35,158.7,2025-07-20 05:48:16,LA
9f23ea9d-ec69-4251-bc3c-dbfeb5078ee9,CUST0054,PRD041,5,60.25,301.25,2025-07-20 12:00:59,LA
801bb742-c8d7-40aa-8b4a-8e0008e4ac49,CUST0072,PRD022,2,54.77,109.54,2025-07-19 22:15:40,NYC
39a7b6a6-3634-4a9c-b61b-7ff59c8d1646,CUST0035,PRD028,4,91.87,367.48,2025-07-19 23:47:48,LA
a9e3c8a0-fba0-4ab1-a83b-726a0b2a46e9,CUST0050,PRD037,3,78.48,235.44,2025-07-20 17:18:04,Chicago
563060dc-0b07-42fa-a409-0e095c3932d8,CUST0084,PRD047,2,99.32,198.64,2025-07-20 16:34:30,LA
42a2b8b0-ae7c-404b-9c8e-64c2d03a5a34,CUST0015,PRD034,1,14.85,14.85,2025-07-20 10:40:49,LA
ccfa2aaf-3e17-459f-98ae-1228c7297879,CUST0017,PRD008,4,20.85,83.4,2025-07-20 02:22:08,Chicago
e310bade-73c1-4984-9af8-bd1e381432d9,CUST0022,PRD031,4,50.29,201.16,2025-07-20 02:31:35,Chicago
ab4cb3f5-bc0e-4f71-8d40-37b68a8dc78e,CUST0045,PRD004,3,58.17,174.51,2025-07-20 01:03:59,LA
f5f8e6b9-b63e-4248-a183-0a0fbb88f2f0,CUST0015,PRD025,2,77.2,154.4,2025-07-20 06:12:52,LA
2186930c-6f29-45f7-b769-cbc12d83bf82,CUST0021,PRD006,2,96.72,193.44,2025-07-20 02:54:42,NYC
0b2ab81e-9ca8-4cab-9376-606ea3247de7,CUST0008,PRD018,2,96.19,192.38,2025-07-19 20:40:02,Chicago
df400cd0-f6a9-4c5e-be68-01cbf6cbe597,CUST0054,PRD045,3,83.49,250.47,2025-07-20 10:15:22,Dallas
de1ffe3d-9f98-49e6-a467-2343bd6ccb09,CUST0052,PRD039,5,51.16,255.8,2025-07-20 01:57:06,LA
1c2635e4-b370-4dcf-9e34-dc973507d09c,CUST0039,PRD015,5,81.33,406.65,2025-07-20 04:12:52,Dallas
d1e88c63-fd8a-40ad-89b0-81650eb84a21,CUST0074,PRD039,5,67.4,337.0,2025-07-19 23:41:39,Chicago
353aac45-6a1d-4265-9f16-98b4f9abffeb,CUST0098,PRD012,1,57.76,57.76,2025-07-20 18:14:41,LA
b3a99ddd-1f28-4d73-b778-193aadddcb6c,CUST0033,PRD039,5,44.09,220.45,2025-07-20 02:15:31,NYC
11dbdd67-7e0d-493c-8d3e-ce33c7f8f1be,CUST0066,PRD007,3,76.9,230.7,2025-07-20 13:49:28,LA
3e5e4db7-488f-4d46-a202-1fec0f94a056,CUST0061,PRD025,4,48.77,195.08,2025-07-20 07:08:59,Chicago
8e9a1ba9-0b96-4835-b56d-7fa530030582,CUST0007,PRD014,1,75.99,75.99,2025-07-20 00:42:59,Dallas
2dc9058d-5145-4146-8f33-5ec210b9fbff,CUST0048,PRD013,4,62.89,251.56,2025-07-20 00:24:20,Chicago
250c855b-6516-4a82-b0e0-f8db0ee27e72,CUST0026,PRD031,5,88.91,444.55,2025-07-20 12:05:01,Chicago
32700e32-ecfa-4f5f-9070-c0bad5a1301d,CUST0090,PRD018,2,69.01,138.02,2025-07-20 14:56:52,LA
6f88ba04-2249-4454-8f65-d6f6c12658f6,CUST0003,PRD043,5,65.32,326.6,2025-07-20 08:18:04,Chicago
91c48293-6fad-48dd-ba49-dbe82bbb3741,CUST0009,PRD002,3,24.72,74.16,2025-07-20 01:32:13,NYC
1642429d-0fb3-449c-9b95-d990a8badd14,CUST0098,PRD030,2,79.46,158.92,2025-07-20 03:03:05,LA
efb83e45-4318-42bd-b6b4-898a8e9d38ed,CUST0070,PRD022,1,42.37,42.37,2025-07-20 02:59:22,Chicago
84759b3b-4902-42e3-9b90-0cd7ad68df47,CUST0097,PRD010,1,34.02,34.02,2025-07-20 02:19:44,Dallas
f957fb1c-9459-4097-983c-031a40e74a9a,CUST0097,PRD018,5,52.7,263.5,2025-07-20 02:13:30,Chicago
67b84346-f75b-45b3-98b9-a6dbba2631ab,CUST0029,PRD012,2,37.94,75.88,2025-07-20 00:33:20,LA
edccae4a-cd74-4f51-9e78-b5af1267ad2a,CUST0092,PRD006,1,25.9,25.9,2025-07-20 01:26:10,LA
7d4795a6-38fe-4fcc-a896-2756608aed87,CUST0052,PRD039,3,96.07,288.21,2025-07-20 18:35:52,Chicago
e77e8b03-d1fe-465c-b672-471813ca0dd6,CUST0046,PRD044,4,52.83,211.32,2025-07-20 04:36:24,Dallas
f83e4771-df16-4580-8179-f77fa507d245,CUST0040,PRD002,2,85.92,171.84,2025-07-20 02:11:16,NYC
2fedab8d-2b7c-41fb-8515-62c14f6905a6,CUST0046,PRD046,5,5.31,26.55,2025-07-20 03:34:24,NYC
30fb1547-15fa-4538-9b6a-fa29545dce9f,CUST0008,PRD049,2,85.2,170.4,2025-07-20 09:47:01,Dallas
58bd7081-b6da-42fd-a6ce-6119fb41fef5,CUST0021,PRD006,4,79.24,316.96,2025-07-20 11:14:21,Chicago
2897500e-967d-4e37-93ac-feae4e1d1a8a,CUST0034,PRD043,5,41.64,208.2,2025-07-20 00:46:28,LA
1c68201a-6079-4379-9621-1470a8f185fd,CUST0046,PRD028,2,24.16,48.32,2025-07-20 03:36:06,Dallas
084aebd4-7415-44d6-adbd-89a372fb1fbd,CUST0080,PRD026,2,88.68,177.36,2025-07-20 02:18:57,Chicago
242f42fd-6201-438e-b3d3-038c1561e503,CUST0073,PRD018,3,69.5,208.5,2025-07-19 23:49:53,Dallas
876f9019-d581-4b5a-8274-893afc04f41f,CUST0001,PRD018,1,83.39,83.39,2025-07-20 03:57:12,NYC
d9cbcd3d-baa6-4f71-877a-ed95ba1ca081,CUST0017,PRD047,3,48.31,144.93,2025-07-20 01:00:39,NYC
df0359de-65ea-457d-89f1-f448d571a0c8,CUST0041,PRD000,5,96.78,483.9,2025-07-20 07:44:16,LA
93351729-a0b0-4f76-890e-8d08464e02ac,CUST0038,PRD009,4,66.06,264.24,2025-07-19 20:27:00,Chicago
85312971-169d-46ab-8101-cad2494f3a70,CUST0051,PRD010,3,87.13,261.39,2025-07-19 22:13:44,Dallas
187c1548-392b-49a2-9a6e-8ed9fe229919,CUST0032,PRD032,1,72.97,72.97,2025-07-20 19:15:08,Chicago
68664dc7-9648-4435-8e90-81951de8b1b8,CUST0088,PRD037,5,93.04,465.2,2025-07-20 08:09:59,Chicago
606cf00b-8330-42c7-b07e-fafc2c6582cc,CUST0043,PRD026,5,7.14,35.7,2025-07-19 22:43:30,Dallas
3961529b-22c0-40fb-8c1f-19763a0bb67f,CUST0091,PRD026,2,97.94,195.88,2025-07-19 23:34:34,NYC
ec2bccd5-ed63-466b-8a20-36407c6a737f,CUST0036,PRD031,2,57.86,115.72,2025-07-20 19:39:50,Chicago
f850717a-df2a-438f-bc6e-718c958c148d,CUST0096,PRD003,3,52.38,157.14,2025-07-20 08:06:03,Dallas
a587ee75-df1b-46ea-8396-f4233e6b592e,CUST0097,PRD041,1,96.62,96.62,2025-07-19 22:16:41,LA
fe5f10f2-6e90-4e4c-a5ed-e29e1b220e6c,CUST0007,PRD021,2,98.7,197.4,2025-07-20 17:18:55,Dallas
6df96fb0-be26-4d92-89ea-d68250ddcc78,CUST0057,PRD047,5,5.74,28.7,2025-07-20 01:35:05,Dallas
0f5d411e-c099-4e9e-b8a9-bed33b8afb97,CUST0025,PRD015,4,60.51,242.04,2025-07-20 07:41:02,Dallas
866699c1-0734-48bb-997c-381c176becc7,CUST0023,PRD034,4,37.32,149.28,2025-07-19 22:34:50,Chicago
002a61d7-9ce1-468f-a88c-00adabd0fdb5,CUST0012,PRD036,2,47.33,94.66,2025-07-20 04:40:45,NYC
e066272b-43ea-4c70-bea6-9d5868d1ac3a,CUST0073,PRD014,4,74.28,297.12,2025-07-20 07:32:50,NYC
42527205-9899-4a8d-9316-686297f2db4c,CUST0072,PRD007,5,29.89,149.45,2025-07-19 22:03:45,Dallas
1e019532-7b94-49ef-9e22-7c899745f6ee,CUST0069,PRD017,4,89.97,359.88,2025-07-20 17:33:09,LA
2e2ad33a-70a8-492c-9e32-394cd8483a7b,CUST0076,PRD048,3,83.59,250.77,2025-07-20 19:19:01,Dallas
a224d568-c61a-4d61-9ab5-8b8cad48b73a,CUST0045,PRD006,1,23.73,23.73,2025-07-20 06:16:16,NYC
d0bf1199-bcec-488e-b628-fd793c37509c,CUST0005,PRD015,5,31.97,159.85,2025-07-20 10:22:36,NYC
4ef06948-1af8-400e-ad16-612f96660aab,CUST0062,PRD010,1,58.91,58.91,2025-07-19 22:12:42,NYC
fa85b55a-fed0-46ee-886f-e64a2bc32b80,CUST0088,PRD041,3,68.43,205.29,2025-07-20 10:25:23,NYC
dcfdc256-c1eb-42f6-aa77-d227a5ebd69f,CUST0065,PRD011,4,92.41,369.64,2025-07-20 08:37:38,Chicago
16b9864d-2be5-434e-bc93-27a9beae24f6,CUST0065,PRD023,3,96.68,290.04,2025-07-20 19:40:48,LA
7fe9dcbd-5e67-4cfa-a98b-cbb7534ec2b0,CUST0087,PRD045,5,96.19,480.95,2025-07-20 06:12:40,Dallas
27a9a330-6f3e-44a7-93d1-e5eccb49e45c,CUST0019,PRD032,3,5.26,15.78,2025-07-20 13:32:44,LA
30f84cf1-7d89-4eff-bdb6-d1ec276eba72,CUST0028,PRD013,3,35.6,106.8,2025-07-20 15:02:55,NYC
6789258c-6851-4cd6-9917-5d1dca006bca,CUST0023,PRD016,3,55.5,166.5,2025-07-20 02:38:44,Chicago
b08fb358-691b-477b-99fb-de5adbec7571,CUST0023,PRD028,2,56.92,113.84,2025-07-20 01:14:19,Dallas
57c2ac90-1402-4ce6-beb5-0e0704c3aa04,CUST0060,PRD022,3,12.17,36.51,2025-07-20 08:30:21,NYC
2823f09f-17a0-4c0c-8b09-54ff317f41ce,CUST0038,PRD046,5,88.65,443.25,2025-07-20 16:19:20,LA
a84b33bd-10e5-42e2-8121-4b7896cbf3e6,CUST0070,PRD034,3,39.16,117.48,2025-07-20 14:25:53,NYC
3f57a355-2afc-4b63-af69-3d711ca42e1e,CUST0087,PRD031,3,65.64,196.92,2025-07-20 07:27:33,Chicago
ae0eb769-4941-45d0-99a5-1f7b331214e9,CUST0015,PRD013,2,10.36,20.72,2025-07-20 13:22:24,NYC
22f73fdc-bcb0-4ad4-9e6e-35d4e6125ae9,CUST0062,PRD007,1,12.09,12.09,2025-07-20 13:53:06,NYC
24d3a5fc-5ffc-48a1-afba-5d0c7317a87d,CUST0073,PRD017,5,88.23,441.15,2025-07-20 15:43:24,NYC
ef1d1d1e-e71b-42ce-9566-efac825dea23,CUST0076,PRD003,4,27.85,111.4,2025-07-19 23:32:39,Dallas
1d8a7849-f36b-4dcd-afdc-eb83305a0ab8,CUST0091,PRD035,1,34.55,34.55,2025-07-19 23:33:47,Dallas
1d2a180a-cca2-4cdb-a7e4-917c7252ea09,CUST0076,PRD028,5,61.56,307.8,2025-07-20 06:37:03,NYC
5c57fd8b-d564-44f6-bcd7-4ec83f2816c3,CUST0070,PRD042,4,90.7,362.8,2025-07-19 20:34:38,Dallas
75d11b99-fd86-44ce-8989-0fa9f09b1085,CUST0075,PRD022,4,37.93,151.72,2025-07-20 19:26:04,NYC
dbdf4274-9dda-485f-9725-25257079126f,CUST0017,PRD023,1,85.8,85.8,2025-07-20 19:04:03,Dallas
a2ad10e4-15a5-4502-b34e-0243a890bab2,CUST0066,PRD000,5,84.71,423.55,2025-07-20 17:31:22,LA
bd3b6b63-8e87-4d79-bfbc-610e15e9e7fc,CUST0014,PRD027,2,91.67,183.34,2025-07-19 21:03:50,Chicago
5d13c3bb-35f9-4832-9a2f-72cdef2717bc,CUST0020,PRD045,2,46.11,92.22,2025-07-19 22:11:36,NYC
8bcbdbba-2c88-4305-990e-34d3ee1f35b7,CUST0010,PRD039,2,43.7,87.4,2025-07-20 07:33:31,NYC
8c5db260-4984-4b14-b450-d1155eaf9416,CUST0028,PRD006,4,21.9,87.6,2025-07-20 07:53:07,NYC
3721c715-0bfe-40a3-aaf5-ef6a0ade9edd,CUST0027,PRD045,2,62.85,125.7,2025-07-20 11:22:06,Chicago
3eb21a82-f629-48d6-8acd-1f3e51609b88,CUST0081,PRD014,4,91.04,364.16,2025-07-20 06:56:16,Chicago
dec417b0-4503-4301-9878-9f1905d26592,CUST0049,PRD035,4,49.13,196.52,2025-07-20 18:11:39,Dallas
2ce279be-8660-47b6-8661-15a58ef9de9a,CUST0021,PRD005,3,21.41,64.23,2025-07-20 11:23:19,NYC
3ffabf5a-e6d2-4f9f-a6e6-d59b45a98e5d,CUST0068,PRD038,5,57.55,287.75,2025-07-20 18:23:49,Dallas
588011e6-a9e5-46da-9ebb-afc4dc6833e6,CUST0000,PRD026,5,30.02,150.1,2025-07-20 07:46:01,Dallas
da25f5b3-ef42-483b-bf5c-3d6846b66866,CUST0021,PRD040,3,62.41,187.23,2025-07-20 03:41:47,Dallas
14b9ac1e-3964-4e53-b9ab-1dd61910663f,CUST0027,PRD043,5,96.15,480.75,2025-07-20 16:08:47,LA
357649ba-129f-4f44-b141-82566215ab09,CUST0015,PRD002,3,56.81,170.43,2025-07-20 19:21:11,Dallas
1d818ea1-8cd6-4af2-8611-a27eed42823b,CUST0039,PRD007,4,65.01,260.04,2025-07-20 19:54:14,Chicago
ff79ec5d-0905-4fc1-8585-032f8b1765d5,CUST0017,PRD010,4,73.08,292.32,2025-07-20 04:15:17,NYC
1871411f-5531-4c55-a2a8-20b6235a82d9,CUST0057,PRD007,4,16.45,65.8,2025-07-20 20:06:51,Dallas
28c119ef-783e-41cc-80bc-705e46da495c,CUST0083,PRD034,2,23.69,47.38,2025-07-19 23:14:40,LA
c31d00e4-f3ff-4ff4-8581-c1fd98058aae,CUST0012,PRD047,5,19.18,95.9,2025-07-20 00:53:34,Chicago
e93d3da6-fa9d-4645-9030-d54a6da8f6e9,CUST0094,PRD040,4,72.02,288.08,2025-07-20 11:54:14,LA
5a52455b-8e52-429b-92fb-f760ed710e9c,CUST0061,PRD013,1,56.7,56.7,2025-07-20 00:54:31,Chicago
6a709200-9254-4ace-9d23-492450086a63,CUST0031,PRD033,5,71.54,357.7,2025-07-19 21:58:18,NYC
93969f2a-4ff2-4212-8e82-bb6eff9155f0,CUST0022,PRD032,5,73.04,365.2,2025-07-20 16:39:31,NYC
0b6d6108-f57c-4f96-a604-16be6ad65c86,CUST0065,PRD046,2,96.83,193.66,2025-07-19 22:20:58,NYC
4b033222-87a0-4796-b423-1380a828e61e,CUST0041,PRD005,5,12.33,61.65,2025-07-20 00:40:14,Dallas
b07ccab5-cee2-4b5a-bc2b-a54b2996cb90,CUST0078,PRD027,1,58.78,58.78,2025-07-20 07:20:02,NYC
9189b8a2-fb2b-4ea0-93ee-2288628b7163,CUST0032,PRD012,2,51.13,102.26,2025-07-20 15:16:04,LA
d798abb8-0ea1-4f36-8d8f-923238748f9a,CUST0041,PRD011,3,47.55,142.65,2025-07-20 19:50:18,Dallas
383055a4-a521-49a3-b7a6-42312fd5c4f7,CUST0027,PRD027,1,6.57,6.57,2025-07-20 13:37:21,LA
a31dc9b9-70d0-4a34-b4a5-6208a835221f,CUST0015,PRD028,2,14.37,28.74,2025-07-20 06:01:53,Chicago
39b74c89-d442-49e2-b445-c00fd4fbf08c,CUST0091,PRD028,3,64.2,192.6,2025-07-20 03:31:57,NYC
329cab10-2e31-4468-a3c6-a9f340a77065,CUST0093,PRD019,2,78.77,157.54,2025-07-20 15:53:06,Dallas
b435230e-566a-4ad2-b6ee-072a09294833,CUST0091,PRD001,2,30.22,60.44,2025-07-20 01:09:30,Chicago
abd4c884-e42f-4f87-a8ae-414ee0d39303,CUST0027,PRD037,3,42.12,126.36,2025-07-20 13:31:48,NYC
e96559a1-1b38-4ade-a24d-17a46704cf39,CUST0031,PRD026,4,56.08,224.32,2025-07-20 15:21:14,Chicago
150cfae7-39f6-4e75-a815-dc2ae0c32456,CUST0021,PRD016,4,84.26,337.04,2025-07-20 09:24:20,LA
7d0cc6bd-45da-4e25-adc3-1fe90b131023,CUST0002,PRD047,2,59.3,118.6,2025-07-19 20:35:38,Dallas
dda57621-46ff-436d-8f03-59ec2be16d56,CUST0066,PRD030,3,80.51,241.53,2025-07-19 23:51:40,NYC
f0bcc662-3fbd-411c-a99b-900994247cf7,CUST0058,PRD013,1,7.87,7.87,2025-07-19 22:55:15,NYC
b86d7ac9-4e9c-42c4-97cb-c05f391298de,CUST0021,PRD026,1,98.37,98.37,2025-07-20 01:52:45,Chicago
bd4c3464-d575-4e0b-9d69-0dd861654c6f,CUST0049,PRD018,2,28.64,57.28,2025-07-20 08:25:06,LA
0685c748-e89f-49ec-bdb5-833166d57237,CUST0021,PRD024,3,88.27,264.81,2025-07-20 06:29:32,Chicago
812f7aa9-e364-4f1c-9b07-48c925f27621,CUST0023,PRD027,2,18.03,36.06,2025-07-20 10:56:47,NYC
32928847-31f2-41fd-8427-12ed4a8e5bcf,CUST0033,PRD046,3,93.34,280.02,2025-07-20 20:19:48,LA
d2d8eafe-e789-45aa-8735-c17ac5ef327a,CUST0034,PRD018,1,12.51,12.51,2025-07-20 03:39:23,NYC
284e8ccd-4703-415c-87fd-1ebd42dc70a8,CUST0086,PRD030,5,71.54,357.7,2025-07-20 17:25:57,Dallas
ea3964ab-2533-4948-99de-760573442762,CUST0025,PRD032,1,40.19,40.19,2025-07-20 13:37:54,Chicago
cfc75128-0df6-4d36-b845-a4d3a2d5f5c7,CUST0099,PRD003,2,90.32,180.64,2025-07-20 05:28:41,LA
d6111e34-d275-4120-b3bc-0134c9116bab,CUST0065,PRD040,4,9.37,37.48,2025-07-19 23:42:19,Chicago
31fdaea2-41a9-48a5-8426-89d0bc5ac025,CUST0041,PRD039,1,5.82,5.82,2025-07-19 23:32:54,NYC
d8b91fb1-ed2d-450a-be25-b749aa248857,CUST0038,PRD037,2,32.91,65.82,2025-07-20 02:49:16,NYC
3fa7387c-32cf-44c3-8b19-0aa5e9b67b24,CUST0050,PRD042,2,60.67,121.34,2025-07-20 07:15:45,LA
8b67de84-d55b-43d4-96e6-147f1de36c8a,CUST0015,PRD014,1,28.13,28.13,2025-07-19 21:22:02,Chicago
3be75dea-90ba-4e72-89f9-aae36fd0accd,CUST0083,PRD023,3,41.66,124.98,2025-07-19 22:12:43,Chicago
77bf25e4-0ba0-4070-9a00-b3b3c4493c51,CUST0034,PRD039,4,13.99,55.96,2025-07-20 17:29:44,Chicago
7281eb52-b8f1-40f7-a0f8-259408a20292,CUST0049,PRD017,4,97.88,391.52,2025-07-20 20:18:48,LA
53d46797-2e69-4e09-a2c9-f4b4c8fd52f8,CUST0038,PRD002,4,40.63,162.52,2025-07-20 06:36:25,LA
0f45a48e-0e7a-4c95-a6ca-5579d7472733,CUST0038,PRD037,1,9.64,9.64,2025-07-19 23:44:10,NYC
296c26f2-0f58-450e-95fa-bb1ee6e43a43,CUST0032,PRD014,3,47.89,143.67,2025-07-20 06:21:56,Chicago
4ee1296f-0a30-4879-bbe4-08b111a5a2d7,CUST0066,PRD034,4,42.47,169.88,2025-07-20 03:02:12,Dallas
aad3f1dd-eee1-4516-9d05-43cd11129b64,CUST0039,PRD038,5,36.7,183.5,2025-07-20 03:15:20,Dallas
942bc647-d48a-4ea9-96f6-c7f349355b0e,CUST0005,PRD038,4,22.26,89.04,2025-07-20 19:24:17,NYC
e4f44576-79cd-49c9-8402-c9d622c28d8a,CUST0057,PRD008,2,17.64,35.28,2025-07-20 12:41:49,Chicago
2d440d9c-68cb-49ba-a21d-9719840535d6,CUST0051,PRD024,2,41.57,83.14,2025-07-20 11:49:52,Dallas
8034cbfc-8625-45ee-b6bf-020d73e7b307,CUST0002,PRD004,2,24.53,49.06,2025-07-20 10:31:51,Dallas
b271987d-fde9-4aa0-b69a-77f96b5b9d86,CUST0049,PRD029,2,33.04,66.08,2025-07-20 05:53:53,LA
ae4c28ca-1daa-4e54-a7b0-96fb618e9e1e,CUST0073,PRD035,5,31.11,155.55,2025-07-20 03:39:11,NYC
22eae9fc-8a8c-4c84-8b87-e2496cf7f0df,CUST0019,PRD028,4,23.53,94.12,2025-07-20 15:20:48,Chicago
5c3163ea-c467-4f33-b2b4-a43ea7c7afea,CUST0008,PRD037,4,78.63,314.52,2025-07-20 11:41:31,LA
d4841455-c251-4d4a-8c3c-c27cfd78f66f,CUST0049,PRD044,4,19.27,77.08,2025-07-20 16:41:09,NYC
8160854e-5136-4a52-9251-4af2ca1b52bd,CUST0065,PRD021,5,25.33,126.65,2025-07-20 10:39:16,NYC
b045eec9-510a-49ba-a6a1-e5df95a05fe5,CUST0052,PRD035,5,20.37,101.85,2025-07-19 22:18:32,LA
bc5309ba-707f-4999-83f5-88478f6d133e,CUST0049,PRD045,3,73.98,221.94,2025-07-20 01:25:38,LA
18127e86-892e-4d8e-90e4-c9a069f4d2ba,CUST0000,PRD032,3,90.31,270.93,2025-07-20 02:55:54,Chicago
e6fe446f-3bf0-435c-8d6b-7c63c9981d8f,CUST0048,PRD010,2,7.42,14.84,2025-07-20 10:37:40,Chicago
d7902a85-542a-4b0e-9dc3-1d98606c2a2d,CUST0076,PRD001,4,33.49,133.96,2025-07-20 04:39:16,Dallas
81627a1d-62b6-4c8a-be39-46e3b5aba0e9,CUST0038,PRD004,4,68.26,273.04,2025-07-20 02:17:49,NYC
2ac1710b-d5c0-421f-916e-6ab05a9e7bee,CUST0077,PRD026,4,49.87,199.48,2025-07-20 19:56:32,Chicago
7d1c8e9a-760f-42e3-a37d-d2d3ac51031d,CUST0098,PRD022,3,99.62,298.86,2025-07-20 16:56:07,LA
37fa991f-91a8-4ea6-908c-902b6c7300ac,CUST0030,PRD035,1,60.65,60.65,2025-07-20 17:56:25,Chicago
bfe69b1d-7d81-4d38-bf42-29d8fb5eaa63,CUST0075,PRD003,3,17.15,51.45,2025-07-20 05:59:27,NYC
b3e92908-169f-4afa-852d-d91eba2f666c,CUST0003,PRD032,4,18.27,73.08,2025-07-20 15:42:54,Dallas
b95b4023-86a4-4a41-8531-e59c893febb1,CUST0048,PRD030,3,15.98,47.94,2025-07-20 13:35:35,LA
931d7aad-5fcf-40f8-897d-d67a71cfb371,CUST0040,PRD003,1,67.36,67.36,2025-07-20 09:28:02,LA
e1146658-e462-457a-ad30-a0c883fccf1c,CUST0061,PRD044,1,65.76,65.76,2025-07-20 10:50:56,Dallas
25f6c3d0-105c-4c80-8b53-1ab5c5f447f2,CUST0067,PRD032,5,55.79,278.95,2025-07-20 09:06:14,NYC
ea4f4c41-7dfd-46b2-8f8f-a121c27f4adf,CUST0009,PRD006,1,44.82,44.82,2025-07-19 21:57:10,Dallas
b9e6db4b-8479-456c-a5a2-95ed5e7fd06a,CUST0097,PRD000,2,71.76,143.52,2025-07-20 15:46:38,Dallas
c7595942-5430-4396-9114-5b1d240abef7,CUST0054,PRD031,5,5.84,29.2,2025-07-20 08:51:41,LA
6efbe858-1a25-4e18-bd17-e5d90de09293,CUST0030,PRD017,1,20.04,20.04,2025-07-20 13:48:52,Chicago
1386c325-9f7e-4c11-8039-a95f11ba1a29,CUST0064,PRD040,4,91.04,364.16,2025-07-19 20:39:58,Chicago
dd8cac06-93c8-4c57-921d-10b3dba997bb,CUST0035,PRD036,2,42.36,84.72,2025-07-20 01:10:32,NYC
62350d58-6b2a-47dc-baf3-adca5a06adc4,CUST0029,PRD042,4,53.83,215.32,2025-07-20 08:36:37,NYC
b34d8303-b912-41ad-be13-8cdd83bf5077,CUST0027,PRD024,3,76.18,228.54,2025-07-20 18:09:42,NYC
f1de57e1-97c8-4d10-8e89-d5032487874d,CUST0063,PRD017,3,25.17,75.51,2025-07-20 02:21:50,NYC
7789ce8e-0baf-4c43-a6c0-8bba00d9ed13,CUST0011,PRD037,1,78.3,78.3,2025-07-20 12:18:25,Dallas
8f4dc6b8-c80b-4240-b3be-fc52d9ccb78c,CUST0068,PRD030,2,82.52,165.04,2025-07-20 19:34:16,Chicago
66eb6c29-121d-43ee-8467-f997607d5a96,CUST0067,PRD005,1,30.72,30.72,2025-07-20 01:09:12,Dallas
e164265e-796f-476b-b6eb-3f2d04d3c450,CUST0010,PRD046,2,8.81,17.62,2025-07-19 22:48:15,LA
d703e988-8089-458c-9953-3afd12080a45,CUST0022,PRD000,4,73.35,293.4,2025-07-20 00:50:00,Dallas
e59ec059-a715-45ff-87fa-6f1fb141f15d,CUST0083,PRD004,3,46.1,138.3,2025-07-20 00:53:16,NYC
0b9997e7-2b37-4c08-b6ba-237067341c17,CUST0088,PRD011,5,91.35,456.75,2025-07-20 04:15:36,NYC
cc3169cb-7b2e-4dca-be2a-b345d4396dce,CUST0059,PRD000,2,30.2,60.4,2025-07-20 11:26:16,Dallas
5bbba239-4f1c-4a27-ae80-d9f2c5804d3d,CUST0012,PRD033,2,65.18,130.36,2025-07-20 02:50:52,LA
80aa36ee-53fc-4bf9-b308-02c0c656a739,CUST0087,PRD037,1,26.61,26.61,2025-07-20 18:29:30,Chicago
6cdc00ba-d1a0-4729-b448-4e333d275958,CUST0028,PRD035,1,39.54,39.54,2025-07-20 04:31:08,Dallas
40d94883-6304-4dd4-a79f-755154ba42b3,CUST0087,PRD031,4,95.7,382.8,2025-07-20 13:25:43,Chicago
4e264ff7-81ae-4cb8-bf11-4f1e8a67565f,CUST0056,PRD017,1,24.57,24.57,2025-07-20 09:13:37,Chicago
d7449d10-c52d-4b00-baa9-58af0289a305,CUST0040,PRD011,3,80.14,240.42,2025-07-19 23:56:54,Chicago
45d0e795-fac3-49f4-9335-531bfe3b80cd,CUST0026,PRD003,1,54.03,54.03,2025-07-19 21:16:25,Chicago
73de016e-83d2-4ea1-addb-bd3933270ea4,CUST0030,PRD019,4,59.4,237.6,2025-07-20 07:45:09,Chicago
f9463643-b6f3-474b-ab95-2d7b1d589a1f,CUST0020,PRD038,4,48.64,194.56,2025-07-20 08:48:21,NYC
cbe72a1b-8dc4-4ed4-b88a-0c377b426d57,CUST0056,PRD000,4,5.52,22.08,2025-07-20 15:27:17,Dallas
7af4fd26-945b-410e-b426-9d0da9d8af45,CUST0025,PRD036,3,55.0,165.0,2025-07-19 21:49:23,Dallas
159d2839-e1a2-4f36-b264-a42e3715db11,CUST0000,PRD021,3,90.5,271.5,2025-07-19 23:39:02,NYC
217fe8c0-f2df-408c-bc32-1f0c0fc050d2,CUST0018,PRD027,3,60.76,182.28,2025-07-19 23:51:04,Dallas
01d790eb-67db-470c-ba96-81e8968d44ce,CUST0046,PRD022,4,34.62,138.48,2025-07-20 11:17:41,Chicago
b60ab330-725e-4016-a0ed-6d1fbdce178e,CUST0088,PRD015,3,81.7,245.1,2025-07-20 16:36:31,LA
fc1e7316-94df-474c-a5e7-1616ac995ae8,CUST0059,PRD005,4,58.36,233.44,2025-07-20 20:06:11,NYC
d0127168-7367-4d61-b940-5bb1a6363680,CUST0024,PRD015,3,45.08,135.24,2025-07-20 05:28:01,LA
85f4c04f-928c-45b5-9a73-cdf4afc1ee54,CUST0054,PRD016,1,64.38,64.38,2025-07-20 08:08:25,Dallas
8ced861b-155f-4668-b913-6e6cef567271,CUST0012,PRD009,4,43.53,174.12,2025-07-20 08:41:45,NYC
b839e74e-b715-48c4-909d-83fd6f7b5c51,CUST0019,PRD047,4,9.98,39.92,2025-07-20 03:15:55,NYC
1e6a2015-01a6-4454-902e-d456aa8cdc2f,CUST0023,PRD013,5,38.3,191.5,2025-07-20 11:44:23,NYC
03e94631-1223-49ee-8635-a716e1fab410,CUST0087,PRD004,1,92.95,92.95,2025-07-20 15:41:36,Dallas
b3b90cc8-87ce-4e4a-b4a5-3388262440d4,CUST0042,PRD009,1,83.96,83.96,2025-07-19 23:32:27,Chicago
24e1ddb8-3762-43b3-9d78-6f11030a220e,CUST0007,PRD036,5,92.14,460.7,2025-07-20 05:07:58,Dallas
689d0778-194a-474e-987b-58bd97681b53,CUST0023,PRD007,4,30.54,122.16,2025-07-20 12:52:14,LA
c0651240-c47a-4a8e-8ef0-aca9394b0063,CUST0038,PRD040,2,83.64,167.28,2025-07-20 12:47:41,NYC
feadf504-ff60-43a1-8edf-6cf14779429f,CUST0060,PRD020,5,40.26,201.3,2025-07-20 07:48:09,Chicago
1b04c858-d647-4f81-b1a3-43bafd8476d6,CUST0060,PRD010,5,31.39,156.95,2025-07-20 15:40:33,LA
f316decc-5752-499f-8519-4e5b9bfe2910,CUST0026,PRD041,4,35.28,141.12,2025-07-20 08:44:47,Chicago
bdfba7db-3e9b-41ac-b651-c58388fd2ee4,CUST0074,PRD002,3,66.47,199.41,2025-07-20 20:20:33,Dallas
40b0a3ea-f084-4904-b0a3-a09308b638a7,CUST0019,PRD024,5,68.55,342.75,2025-07-20 20:13:54,Dallas
3fbd0322-6065-4406-8e88-b169559faac7,CUST0012,PRD000,5,55.67,278.35,2025-07-20 15:38:22,LA
a51f54bf-7b82-42a8-a9da-f07733a4da90,CUST0097,PRD006,3,63.96,191.88,2025-07-20 11:05:45,LA
11cdb207-1d2b-4145-b5df-b03402b48272,CUST0065,PRD000,4,63.38,253.52,2025-07-20 18:02:05,LA
ef01e1a7-f807-4f43-b185-c3466304c0bc,CUST0047,PRD001,5,62.96,314.8,2025-07-19 21:15:31,LA
78cac230-819e-4c93-83d5-247f80b3f16a,CUST0000,PRD005,4,62.62,250.48,2025-07-20 11:34:54,Dallas
95737ff8-ab79-49b7-ae30-07811622f38e,CUST0084,PRD019,5,8.91,44.55,2025-07-20 11:36:22,NYC
30489f73-89cc-467a-acfd-14fd3b38476d,CUST0037,PRD006,4,84.22,336.88,2025-07-20 14:24:51,Dallas
e1d7dbf5-7371-4a02-a6f2-e5547d0bfeec,CUST0041,PRD034,1,14.86,14.86,2025-07-20 08:45:28,NYC
34b8c886-27eb-4f45-a5da-81c8fa3c2a82,CUST0054,PRD006,2,38.98,77.96,2025-07-20 13:54:48,Chicago
3f856920-5ec5-40d2-99c7-4a3d4438fe2f,CUST0051,PRD006,2,27.01,54.02,2025-07-20 08:50:40,NYC
85d120ea-c213-4dc7-a55f-f33f362bd98c,CUST0020,PRD009,1,5.09,5.09,2025-07-20 15:13:13,LA
0bb3f77c-8adb-4d2f-b635-3234b452d87f,CUST0005,PRD016,2,63.6,127.2,2025-07-19 21:38:52,NYC
4c13ec3e-c822-4da8-943e-3fc99619a7aa,CUST0097,PRD004,5,94.12,470.6,2025-07-20 09:37:23,Dallas
9fbe952b-91ed-4a68-9676-07d25026437d,CUST0060,PRD000,1,80.61,80.61,2025-07-20 10:07:49,LA
d8acd58f-9ad6-4680-806e-a0b0e30fb0b4,CUST0027,PRD001,4,92.89,371.56,2025-07-20 03:38:58,LA
980d3d7c-0698-40ee-ae37-7a72238a51df,CUST0008,PRD041,2,93.41,186.82,2025-07-20 10:26:12,LA
e1e3b49a-55eb-4ee3-a4cc-8955bb8f5484,CUST0014,PRD040,1,93.1,93.1,2025-07-20 00:02:41,NYC
f73b6435-405d-4e74-ab78-bea2446018fa,CUST0061,PRD027,1,35.44,35.44,2025-07-20 15:26:44,LA
f83a2e90-37ab-4aac-86fe-f73de8a1e45f,CUST0024,PRD003,4,7.63,30.52,2025-07-20 18:05:40,Dallas
d505b38d-46d3-4c15-8648-44193a84eea1,CUST0024,PRD014,3,96.76,290.28,2025-07-20 06:02:26,NYC
f7702dcc-f4aa-4fd1-b34f-9c4fd9782d79,CUST0056,PRD020,1,30.16,30.16,2025-07-20 08:32:03,NYC
5ec51aab-e277-4ca1-82ca-2f1bfd224d14,CUST0067,PRD028,1,53.54,53.54,2025-07-20 01:42:36,NYC
8b2074f8-1385-4e9a-8379-b58e1c5bb1be,CUST0003,PRD043,2,54.92,109.84,2025-07-20 14:04:27,NYC
9cb05d79-8c06-4cc3-84f1-4dfa111aefb5,CUST0028,PRD001,5,19.95,99.75,2025-07-20 09:02:58,Dallas
ac7d2030-d328-4c71-8c84-452e0030c43c,CUST0009,PRD020,2,98.23,196.46,2025-07-20 15:03:21,Chicago
58c97267-e7ce-4c97-903f-073cef10ae4c,CUST0054,PRD038,3,53.3,159.9,2025-07-20 07:30:30,Chicago
19c4fb8c-8e9b-43f0-89f6-400caafd49ce,CUST0079,PRD023,5,87.25,436.25,2025-07-20 15:10:42,NYC
277a72be-5caf-40c3-a90f-d0bf8a2b1571,CUST0092,PRD031,5,74.76,373.8,2025-07-20 13:25:04,NYC
28cf41fd-44a5-4208-ba78-4a53c4a9bd37,CUST0076,PRD032,2,42.92,85.84,2025-07-20 11:46:14,LA
4a83954b-be96-47f2-82b7-3460d3d232a8,CUST0011,PRD007,4,83.53,334.12,2025-07-20 09:11:46,LA
f321ac11-eb67-477c-af10-c5e21b588515,CUST0061,PRD041,3,73.36,220.08,2025-07-20 18:15:51,Chicago
83925f96-74f8-4df2-b52b-a0109f822d3b,CUST0075,PRD043,4,39.96,159.84,2025-07-20 06:23:58,LA
65046fc5-29db-4d9e-9d1f-b4b8bfa9702d,CUST0080,PRD009,2,15.09,30.18,2025-07-20 09:43:49,LA
709c9c2b-eed7-44cb-ad53-8be8e8c2b14a,CUST0083,PRD031,2,7.16,14.32,2025-07-20 16:47:16,NYC
732b1e55-ae62-4d09-a569-71661556cc5f,CUST0004,PRD030,1,59.61,59.61,2025-07-20 10:06:49,NYC
d5799720-f1a8-464a-b194-e0f3c06cf3d4,CUST0080,PRD015,1,78.02,78.02,2025-07-20 10:38:15,LA
acf9396b-283b-42fe-9e7d-a93dc4e11e26,CUST0050,PRD034,3,44.31,132.93,2025-07-20 09:14:39,Dallas
37847115-d50d-4726-af7a-58244ca56a66,CUST0087,PRD042,4,55.44,221.76,2025-07-20 18:06:09,Dallas
7d7dbbcd-6d81-4f9b-80b6-765d838ac571,CUST0028,PRD042,2,12.65,25.3,2025-07-19 22:26:16,LA
18c0b834-bfdc-43e3-891e-7882300da85c,CUST0087,PRD001,1,70.01,70.01,2025-07-20 15:46:18,Chicago
c5fb0316-e3b1-4705-a634-582cd44e33a6,CUST0064,PRD022,3,95.43,286.29,2025-07-20 19:01:19,LA
43e99cbc-aee8-4307-99c5-7cb0af393a73,CUST0035,PRD010,4,22.77,91.08,2025-07-20 12:45:04,Chicago
e0059d20-96a9-4cde-87b1-29a95b2e9cbe,CUST0001,PRD011,5,22.16,110.8,2025-07-20 07:50:58,LA
16905c63-3b57-4f0d-b2a9-001039d64bad,CUST0080,PRD012,5,30.94,154.7,2025-07-19 22:24:10,Dallas
29853889-5e25-4ad3-85e2-2fbfb22f8ced,CUST0065,PRD016,5,13.45,67.25,2025-07-20 15:27:39,Chicago
9890dd60-f06c-44a4-a287-569bae66cb06,CUST0091,PRD029,1,95.25,95.25,2025-07-20 01:26:24,Chicago
0e5537c7-2df1-460e-a58c-6d2233333767,CUST0079,PRD015,1,22.5,22.5,2025-07-20 17:29:45,Dallas
3d367a8c-0e5e-4c8c-b54a-693a9a4d3b72,CUST0035,PRD037,5,74.1,370.5,2025-07-20 05:49:12,NYC
8b87097e-be68-4f2b-bde6-1e9b20bb5211,CUST0048,PRD032,2,27.59,55.18,2025-07-20 05:32:59,Dallas
81bb8232-3cc4-4fa1-8d9e-bf614d074e38,CUST0024,PRD045,3,92.14,276.42,2025-07-20 00:23:06,LA
e3c5c7a3-96d2-4116-b3bd-5cea1125eb02,CUST0014,PRD004,5,94.57,472.85,2025-07-19 21:30:19,NYC
be55d9cc-1cc1-4058-abe8-7a011d93fd32,CUST0031,PRD023,3,15.19,45.57,2025-07-20 04:47:32,LA
549c024f-dda3-4de7-9304-c2276bcca75f,CUST0001,PRD049,4,95.45,381.8,2025-07-20 12:28:12,Chicago
27cd828d-c012-4cec-b833-c3dc4ec9ff0a,CUST0005,PRD016,2,94.02,188.04,2025-07-19 22:38:25,NYC
4b8b37e8-8564-4460-a73c-77ac025d6657,CUST0060,PRD045,4,44.75,179.0,2025-07-20 13:27:20,Chicago
c4741130-047b-4266-a1b5-4d99e739f8fc,CUST0090,PRD000,1,68.55,68.55,2025-07-20 14:11:17,Chicago
f069bd6d-70ec-4c93-be72-3c0603c45608,CUST0034,PRD043,2,77.48,154.96,2025-07-20 02:32:51,LA
d4730831-3ec4-41cb-82c6-9d11cf59e1bd,CUST0038,PRD013,3,31.42,94.26,2025-07-20 00:17:09,NYC
adfc078c-3c39-4a8b-acbc-ae884b11337e,CUST0038,PRD017,3,33.55,100.65,2025-07-20 03:29:48,NYC
798f8818-b3c0-445e-acbe-9a32e366bc4f,CUST0076,PRD001,4,73.08,292.32,2025-07-20 00:47:33,NYC
851910b9-42b9-4ce7-aaf0-5115d927d7df,CUST0093,PRD030,5,91.55,457.75,2025-07-20 10:29:02,NYC
81671ff6-98b5-4ed3-8e3e-012f952d8de9,CUST0011,PRD007,1,43.12,43.12,2025-07-20 13:30:49,Dallas
5af9918c-522e-44e4-b683-5a94aa88b197,CUST0097,PRD044,4,69.88,279.52,2025-07-20 02:13:14,Chicago
b9b47935-8651-46e1-8a85-ab3f91424da5,CUST0075,PRD042,3,29.8,89.4,2025-07-20 11:02:10,Chicago
77e89fed-55e2-40a8-b1a9-69dbe5cb87fa,CUST0047,PRD029,3,25.4,76.2,2025-07-20 02:35:35,NYC
05a26a88-6ac3-4876-bc12-e812a765a35b,CUST0077,PRD046,5,44.65,223.25,2025-07-20 04:19:58,Dallas
379bf6b9-aa72-48b8-8e4c-5839399b5b89,CUST0066,PRD032,1,33.12,33.12,2025-07-20 16:23:58,Chicago
f3871b47-0e29-4eb2-a66d-09466881eb92,CUST0071,PRD008,5,51.07,255.35,2025-07-20 15:46:12,LA
9840e759-d01c-4968-a1f3-95bafd4978d1,CUST0056,PRD012,3,98.06,294.18,2025-07-20 01:37:39,LA
4a23b236-54e1-4c3c-b3bf-bcdc0887e40e,CUST0006,PRD020,1,43.05,43.05,2025-07-19 23:34:39,Dallas
b277dc4e-037b-4da2-a82d-6d9bd15052e2,CUST0028,PRD028,3,20.72,62.16,2025-07-20 18:50:34,NYC
8537d1cc-8f2d-417c-9440-99b9e86a109e,CUST0065,PRD025,4,93.21,372.84,2025-07-20 08:44:00,LA
cb16c5b3-6e9f-4be2-af46-ff6bea923399,CUST0007,PRD018,4,61.81,247.24,2025-07-20 10:34:50,Dallas
d275ac81-7c8b-4750-8393-e173813163c0,CUST0090,PRD035,4,48.31,193.24,2025-07-20 04:09:53,NYC
0142f67c-ae37-4616-bd6c-c8fb62249670,CUST0096,PRD018,4,93.81,375.24,2025-07-20 10:15:33,Chicago
9d2bcb84-2a76-4bc3-b679-3fabf7f1a0c3,CUST0096,PRD024,5,60.35,301.75,2025-07-20 17:17:43,Dallas
d4ebfb44-67cf-4e77-97d7-d749c7043c45,CUST0089,PRD047,4,79.26,317.04,2025-07-20 06:44:03,Chicago
4fcee616-00da-4eed-b991-49b673e96d41,CUST0079,PRD031,5,36.3,181.5,2025-07-20 18:05:11,Chicago
fcf565ef-95b5-4a8a-af60-c6c96a4f185c,CUST0067,PRD036,4,41.95,167.8,2025-07-20 01:32:18,Dallas
aae37181-1a72-4b64-bdf0-6882ff89ba83,CUST0046,PRD012,5,78.92,394.6,2025-07-20 04:57:55,Chicago
ed56a809-0747-4b28-9ae6-e9140fc35310,CUST0042,PRD035,2,16.7,33.4,2025-07-20 00:21:11,NYC
06a4ce02-d6a8-405a-b230-f8d85b9fa055,CUST0038,PRD021,5,75.35,376.75,2025-07-20 02:57:26,NYC
21e2eb8a-be6b-4987-ae88-98933da826d0,CUST0042,PRD038,5,14.97,74.85,2025-07-20 09:25:59,NYC
e4584332-7700-4a16-acbd-7ff384f733a5,CUST0035,PRD015,5,99.16,495.8,2025-07-20 03:01:02,Dallas
ad93d3e9-7b13-494f-9020-fdfb2572b36a,CUST0032,PRD042,2,56.36,112.72,2025-07-20 12:59:48,Chicago
49533f57-8180-4c13-9a31-a33ee315634e,CUST0017,PRD044,1,39.82,39.82,2025-07-20 05:10:28,LA
5cd3601e-4ef9-4f46-a3de-c944a60a44fd,CUST0020,PRD012,5,76.7,383.5,2025-07-20 19:18:59,NYC
4943ecdc-f266-4d96-9cfa-a0950ae3c634,CUST0092,PRD009,2,61.97,123.94,2025-07-20 09:33:47,LA
599e0cdb-700c-48ec-84d2-34422b136d1d,CUST0026,PRD003,4,39.17,156.68,2025-07-20 07:47:21,NYC
2493e010-3d57-4e4b-a792-bc598066595c,CUST0062,PRD030,4,86.46,345.84,2025-07-20 09:56:03,Chicago
d85f1734-d79c-4459-9edc-4274700afc48,CUST0005,PRD005,1,59.31,59.31,2025-07-20 07:53:40,Chicago
ddfdd830-7c42-4fd3-9c94-a8ffeee4597a,CUST0098,PRD033,3,52.8,158.4,2025-07-20 19:49:29,Dallas
fcf0840f-2df1-4326-b3eb-aed067f77e2c,CUST0081,PRD046,2,70.29,140.58,2025-07-20 06:53:29,Chicago
409a6e69-e826-4bf1-a4ec-b6eb66e1250e,CUST0068,PRD035,4,57.91,231.64,2025-07-20 09:44:24,Dallas
29d2c914-35bd-41bf-9edd-2944bd2a73b0,CUST0058,PRD034,4,16.78,67.12,2025-07-20 09:29:18,NYC
d6ad7e39-e20b-420b-a3fa-2e91e29bc394,CUST0046,PRD002,1,77.18,77.18,2025-07-20 01:27:06,Dallas
af7e256b-2407-459a-bdaf-5c821f0765d0,CUST0097,PRD039,1,79.73,79.73,2025-07-20 03:05:43,LA
c83cf897-b49e-40e6-b7e4-833f3c0fdd74,CUST0004,PRD040,5,38.68,193.4,2025-07-20 14:30:47,LA
19beaa7a-988c-4904-ba37-aa9d3ce27342,CUST0034,PRD044,1,15.06,15.06,2025-07-19 22:41:08,LA
2bf088df-c403-4d67-8be6-81e8641292c1,CUST0015,PRD006,1,60.85,60.85,2025-07-20 14:48:12,Chicago
360b8d07-2cda-4719-ac38-9cf82de17d96,CUST0074,PRD022,5,12.7,63.5,2025-07-20 07:55:10,NYC
bbf68279-3002-480f-bafb-dc2b073671b7,CUST0063,PRD044,1,15.59,15.59,2025-07-20 06:41:38,LA
831d9490-5bdd-442a-ac36-3fe2340ab0f3,CUST0020,PRD001,3,80.39,241.17,2025-07-19 20:45:55,Chicago
52ec1723-c767-4ec0-a079-0cf376e0d33f,CUST0010,PRD044,5,39.62,198.1,2025-07-20 05:52:27,NYC
984d5f18-4121-4e4b-8607-dfbc78ab0e8d,CUST0010,PRD039,1,33.09,33.09,2025-07-20 03:55:20,Dallas
ac1f77b7-703b-469d-8467-38a30a50694d,CUST0056,PRD040,3,89.07,267.21,2025-07-20 03:14:53,Dallas
d39c08b5-a99b-426a-b37a-cc9e10653bdc,CUST0034,PRD049,1,98.46,98.46,2025-07-20 02:04:25,NYC
121e20a0-e3b4-436b-88aa-f6d874fbf0c6,CUST0088,PRD036,2,12.91,25.82,2025-07-20 12:18:00,NYC
42da14a0-6a65-4152-997d-c8d4ede3c74e,CUST0043,PRD032,1,36.01,36.01,2025-07-19 23:11:09,Dallas
80e2618d-18ac-4708-8349-f7f5a157d568,CUST0070,PRD011,5,89.06,445.3,2025-07-20 07:36:22,Dallas
83ea53e3-eed2-4256-8eec-4305a99fda7e,CUST0031,PRD032,3,8.39,25.17,2025-07-20 16:23:47,NYC
a76ca743-c030-49ab-a004-162583d87dd9,CUST0018,PRD046,5,73.28,366.4,2025-07-20 05:24:17,Chicago
618789cc-4e12-45ec-880c-ff6d5b15efbe,CUST0050,PRD024,2,23.91,47.82,2025-07-20 03:40:36,Dallas
9582d8dd-fe9c-4d1d-af76-607af5c596ea,CUST0032,PRD021,4,93.7,374.8,2025-07-20 02:35:49,Chicago
3ae01194-8bb5-4500-9df2-acbe6a0156ab,CUST0097,PRD036,1,57.83,57.83,2025-07-20 00:56:33,LA
0194a901-69df-41b4-a226-91ea462e0ead,CUST0005,PRD008,1,99.83,99.83,2025-07-19 22:15:56,NYC
b4658164-88c9-4339-a85b-0159df27a741,CUST0010,PRD039,1,85.34,85.34,2025-07-19 20:29:40,LA
68ee8cf2-da1a-4c45-8031-685f1739a754,CUST0052,PRD048,3,8.5,25.5,2025-07-20 08:19:55,Dallas
891d4b0f-ae44-447f-9b39-a26524bd512f,CUST0040,PRD010,1,44.75,44.75,2025-07-20 07:47:36,Chicago
9882f10d-7c92-4eb0-bac1-973abacd4855,CUST0013,PRD041,5,77.45,387.25,2025-07-20 18:31:36,Chicago
9a7e8794-7c49-48af-93e3-a136157f2c7a,CUST0087,PRD020,1,56.49,56.49,2025-07-20 09:37:44,LA
26ff60bd-16d7-4637-8103-c867150ed0da,CUST0066,PRD023,2,67.51,135.02,2025-07-20 03:42:49,Chicago
8f5f3849-410f-49ec-a540-60e122193d7c,CUST0098,PRD035,5,64.97,324.85,2025-07-20 06:20:49,LA
57586ed0-af14-4c3d-bdd7-84e1acb0683b,CUST0004,PRD024,5,86.52,432.6,2025-07-20 09:29:54,Chicago
0f71c224-1094-46d5-8657-0396339d3565,CUST0065,PRD049,1,62.77,62.77,2025-07-20 02:54:41,LA
524d9c20-d658-431d-9300-7297eca07f02,CUST0002,PRD032,4,71.34,285.36,2025-07-20 01:08:42,Chicago
c60c36cd-aca3-448f-b544-72d065260239,CUST0062,PRD014,4,55.86,223.44,2025-07-20 11:13:18,Dallas
5bda76fb-f320-4dda-8bac-0fe8e226134d,CUST0072,PRD038,2,85.38,170.76,2025-07-20 04:12:48,Dallas
c3d355db-8730-4a74-9921-be035c93a3ea,CUST0017,PRD009,3,29.5,88.5,2025-07-20 00:44:14,Chicago
f1a93011-2506-4823-b36e-7fd8f9b7a843,CUST0044,PRD011,3,49.06,147.18,2025-07-20 06:26:17,Dallas
911c1a43-360e-4e5a-9ead-0ffa2397add3,CUST0031,PRD024,4,52.42,209.68,2025-07-19 22:27:15,LA
6c010d9f-e3d6-48e3-bcb4-77ece1f7dc4e,CUST0026,PRD047,5,79.19,395.95,2025-07-20 13:54:41,LA
eff14f10-9807-46b2-bfd2-38d41e83387b,CUST0085,PRD019,2,66.47,132.94,2025-07-20 09:51:25,NYC
a62e3d72-1107-4bb8-8bdd-c847e4d789c4,CUST0030,PRD004,2,18.98,37.96,2025-07-20 01:49:57,Dallas
0dd7feb0-f239-4527-a003-0cfe275564a9,CUST0033,PRD015,2,62.94,125.88,2025-07-20 12:11:04,LA
96c92159-91a5-43f7-b8e0-f3500b307513,CUST0016,PRD043,4,93.93,375.72,2025-07-20 01:15:26,Chicago
3d1b4605-d411-47e4-a06c-42e95ff2d3c0,CUST0013,PRD020,5,76.67,383.35,2025-07-20 08:10:08,LA
2b46a85e-73cf-4edb-b7ae-1e40c805e95e,CUST0032,PRD030,1,33.85,33.85,2025-07-20 01:53:19,Chicago
5f11d9d7-061d-416e-9760-7de7b97da329,CUST0072,PRD025,4,43.6,174.4,2025-07-20 16:30:25,NYC
306affed-7a03-4736-96cd-706e32f062e4,CUST0091,PRD039,3,85.11,255.33,2025-07-20 07:42:29,Chicago
d151be72-3283-45d8-9bb9-c14987d65bd0,CUST0038,PRD036,5,18.91,94.55,2025-07-19 22:37:48,Chicago
0931218e-7485-412b-9425-9b62c0ff87af,CUST0001,PRD021,2,28.77,57.54,2025-07-20 08:21:57,Chicago
8e510956-9196-4d38-97d7-011d5a347f7d,CUST0030,PRD005,4,14.79,59.16,2025-07-19 21:52:51,NYC
03c6e456-afc6-4631-851b-4880343f2569,CUST0051,PRD045,5,30.62,153.1,2025-07-19 20:33:58,Chicago
c266238e-6ea3-472d-9b2e-894cf9f7a4e1,CUST0083,PRD024,3,27.87,83.61,2025-07-20 01:08:36,LA
658decde-8a0f-4950-aa57-43d5262686f7,CUST0089,PRD013,4,60.86,243.44,2025-07-20 03:43:43,NYC
e7865eee-d72b-40f8-a447-cfdaf7019214,CUST0022,PRD001,3,94.18,282.54,2025-07-20 10:51:04,Chicago
234076cf-c10f-4476-a72a-f7bb034fe009,CUST0015,PRD011,2,75.75,151.5,2025-07-20 10:28:40,NYC
5a5402c0-8951-47a4-8de7-878aae159175,CUST0085,PRD009,5,37.29,186.45,2025-07-20 19:46:34,Chicago
0b6658e0-3a20-42b0-8cba-b7358afd3dff,CUST0059,PRD021,4,80.21,320.84,2025-07-20 05:53:05,NYC
593a7ce4-b4ca-4e9a-a45a-b95f50a3c495,CUST0084,PRD017,5,28.07,140.35,2025-07-19 22:48:49,Chicago
00214aec-641c-40b0-bc23-f94aaa197568,CUST0012,PRD036,1,16.72,16.72,2025-07-20 11:19:40,Dallas
94e9506f-8827-4806-a450-b4ba5e698093,CUST0043,PRD032,3,50.18,150.54,2025-07-20 16:51:18,NYC
ca7c4c4c-1661-41cb-bba0-db5729934cb1,CUST0044,PRD003,5,64.31,321.55,2025-07-20 02:48:08,NYC
3bc8d475-9d82-4fd5-a3a2-002453d097d8,CUST0080,PRD003,5,44.5,222.5,2025-07-19 22:49:16,NYC
45c7553c-821a-4173-90cb-ce43bbd59932,CUST0009,PRD008,1,14.63,14.63,2025-07-20 02:55:21,NYC
edd1e38f-3164-4e10-8855-f4bc0be952f7,CUST0009,PRD016,3,35.95,107.85,2025-07-19 20:27:44,NYC
65cf8172-8c3e-4ceb-9a61-c4d9bf49f5c2,CUST0032,PRD038,5,42.92,214.6,2025-07-20 11:42:23,LA
db67eeb4-bea6-4916-b102-a14e0d78db70,CUST0032,PRD003,4,11.72,46.88,2025-07-20 12:18:36,LA
64dd9d66-d6ea-407b-914d-492441a07db7,CUST0042,PRD008,3,6.36,19.08,2025-07-20 00:24:22,Dallas
b2be03c1-f6ed-4a65-8308-4d3dc8e09320,CUST0088,PRD028,4,13.91,55.64,2025-07-20 00:13:02,NYC
a69b4330-b2ec-4a5d-bc05-5e7465f07dd7,CUST0095,PRD034,2,26.25,52.5,2025-07-20 09:07:51,Chicago
9316b5f1-58ba-4c4c-ab1f-bcf6de2423f5,CUST0062,PRD037,2,79.75,159.5,2025-07-20 06:25:03,Chicago
b498266c-e388-4c52-9c43-850c452b9991,CUST0027,PRD036,3,56.69,170.07,2025-07-20 19:25:12,Dallas
4051f0e3-1527-414c-bf37-537e8a167f0e,CUST0097,PRD048,2,60.36,120.72,2025-07-20 02:51:41,LA
313e5a88-9ed6-48b5-95ad-c0f9ccd1b1e3,CUST0040,PRD028,2,60.15,120.3,2025-07-20 09:34:11,Dallas
5a8c0bb5-c8b9-47d6-8096-0f78612a141f,CUST0043,PRD025,4,50.51,202.04,2025-07-20 14:03:43,LA
a70fe9e1-5f2b-447d-9e64-e47bca9865f6,CUST0090,PRD036,4,71.42,285.68,2025-07-20 07:21:31,NYC
9c3dfa44-e06e-4de8-84c7-5ede690648b9,CUST0075,PRD047,3,8.05,24.15,2025-07-20 06:43:45,NYC
db8e19b9-9b3f-428a-8872-b8004622c299,CUST0087,PRD032,1,66.15,66.15,2025-07-19 23:19:41,NYC
1efea256-a7aa-4213-97c4-3719d9dba8f7,CUST0003,PRD023,5,19.67,98.35,2025-07-20 07:54:07,Dallas
55a68eec-681b-4ecb-90d9-31c3a332e193,CUST0052,PRD034,1,12.64,12.64,2025-07-20 07:09:13,LA
7722c2c4-22d4-4b92-9226-28b5a3d5b31d,CUST0027,PRD010,4,75.64,302.56,2025-07-19 21:32:51,LA
048ae3fe-a37a-475a-8437-91f653ee26dc,CUST0066,PRD028,1,93.31,93.31,2025-07-20 05:35:29,Chicago
811b3fc7-a153-4318-9cea-68e0b5355ce8,CUST0046,PRD012,2,5.81,11.62,2025-07-20 02:40:39,LA
ecf423ab-c91c-4f7f-a98d-47429bfcb905,CUST0025,PRD018,2,97.39,194.78,2025-07-20 18:27:13,LA
73f9d5a9-88eb-478f-8407-a9cd03aa3bbd,CUST0043,PRD025,5,99.08,495.4,2025-07-20 20:00:39,LA
e9dc7a71-e9e3-4579-b151-e65c5523a6e6,CUST0074,PRD042,3,33.52,100.56,2025-07-19 22:52:00,LA
2a4c32e3-71f5-4eb1-aaf8-8ab634b0b2aa,CUST0006,PRD044,4,94.84,379.36,2025-07-20 19:42:48,LA
82576279-c79c-4e73-a234-98c9e381c593,CUST0045,PRD001,2,99.92,199.84,2025-07-20 04:03:59,LA
d9743e45-baf9-4145-9849-27a7a5758012,CUST0064,PRD002,1,52.17,52.17,2025-07-19 20:50:00,LA
afef9422-4f22-4156-a2a8-0f63d3d26a60,CUST0088,PRD030,2,99.47,198.94,2025-07-20 02:37:05,Dallas
c3047796-c0b7-4ac6-ae0c-e9b6ae946f8a,CUST0070,PRD046,1,62.23,62.23,2025-07-19 21:03:13,Dallas
c04a3ae4-f07c-4e3b-98b0-9805ea930bf6,CUST0070,PRD032,2,77.43,154.86,2025-07-20 12:33:08,Chicago
754a08a0-3c07-456a-ad3d-dec3238b6101,CUST0049,PRD011,1,41.92,41.92,2025-07-20 14:51:15,Dallas
70290bcf-5e6c-427e-a006-45f33dcea0d5,CUST0000,PRD033,1,22.75,22.75,2025-07-20 11:05:02,Dallas
57d0ee30-2b61-4dd4-b514-a50ec1955ba9,CUST0050,PRD005,3,58.51,175.53,2025-07-20 09:22:53,Dallas
1262fb6f-7d87-4340-8e31-be4ef1934ac4,CUST0094,PRD044,3,78.62,235.86,2025-07-20 07:22:47,NYC
4403bf8d-381c-4c11-b16e-a3b3343b139f,CUST0073,PRD045,5,9.74,48.7,2025-07-19 23:58:54,Dallas
5b9c47f4-743d-4d2d-a74b-b1d9b744f084,CUST0071,PRD023,4,95.58,382.32,2025-07-20 16:16:11,Chicago
dd1db6a8-6f38-4570-9ef9-3cd49d8c8d37,CUST0001,PRD030,3,30.93,92.79,2025-07-20 10:26:44,Dallas
86243eed-2f54-44a8-9d09-43b1a97504f5,CUST0012,PRD024,1,87.31,87.31,2025-07-19 20:37:07,LA
ab90c439-ce02-4609-a461-522b1b666220,CUST0091,PRD008,3,49.17,147.51,2025-07-20 03:32:57,LA
86e7f221-4063-40db-909a-f4481acf22ff,CUST0042,PRD025,1,9.84,9.84,2025-07-19 20:53:53,Dallas
dac2401b-eafb-4508-849d-ff80dd032e06,CUST0060,PRD010,3,12.4,37.2,2025-07-20 16:11:08,Dallas
8ec00992-c3e0-4f54-914f-c6a67ad90d95,CUST0034,PRD014,2,32.67,65.34,2025-07-19 21:13:21,Chicago
89905992-1a97-4745-9e2c-28cec6bfec1e,CUST0094,PRD021,4,57.25,229.0,2025-07-20 04:57:43,Dallas
734bb66f-e1fd-4a24-bae2-c8c07d1fbee0,CUST0068,PRD022,2,66.68,133.36,2025-07-20 17:30:57,NYC
e1e91282-54ea-4859-a541-f4f80f06d0b3,CUST0097,PRD048,4,60.26,241.04,2025-07-20 04:41:37,Dallas
6cb32a14-81a6-49b6-aff3-f895f8970f4f,CUST0093,PRD011,3,92.37,277.11,2025-07-20 03:40:28,LA
b931cf8e-0c63-490e-80d4-c5dff909c8e8,CUST0051,PRD013,5,86.27,431.35,2025-07-20 01:28:30,LA
c395db55-3cd6-450f-91f3-a5454cf9d2ca,CUST0088,PRD033,5,89.85,449.25,2025-07-20 17:29:22,Chicago
ba46073b-04af-441f-a710-f0198006ea5b,CUST0056,PRD016,4,18.47,73.88,2025-07-20 03:24:16,Chicago
dd1ee24e-9294-4ad3-aca1-3eaf9aef4bb9,CUST0018,PRD039,1,11.06,11.06,2025-07-19 22:41:51,Chicago
5c9c02c3-d302-423a-ba76-5c04b9c9788a,CUST0049,PRD028,4,29.25,117.0,2025-07-20 16:51:11,Chicago
14741673-68d6-479d-8e3a-0243bc0b6d2c,CUST0040,PRD047,5,82.06,410.3,2025-07-20 12:17:59,LA
b97b4882-287c-46ab-8bf3-d4c3721656eb,CUST0066,PRD038,2,53.63,107.26,2025-07-20 01:18:16,LA
aa33686c-da06-436e-ac02-08c2769802ee,CUST0025,PRD045,5,50.73,253.65,2025-07-20 11:32:07,Chicago
37405ea6-de77-4f28-9765-8d4e797d5ed8,CUST0098,PRD039,1,22.8,22.8,2025-07-19 23:13:28,Dallas
d2bdd31e-51b3-4c6f-8def-3f60de9124fb,CUST0058,PRD038,4,95.01,380.04,2025-07-20 15:45:43,NYC
df08ed03-5b9c-43d3-a5a8-40693d21f8ac,CUST0085,PRD022,3,61.26,183.78,2025-07-20 11:18:40,LA
38330a2a-3c63-4e75-b58c-6a6324b8cd3d,CUST0036,PRD000,3,84.74,254.22,2025-07-20 09:04:39,LA
e81fc9d0-f5a1-4b5d-81e5-f9ddc1800f14,CUST0039,PRD031,2,85.5,171.0,2025-07-20 15:05:38,LA
7ac1cd62-e81b-4d41-b1b1-65c314751714,CUST0096,PRD027,1,24.85,24.85,2025-07-20 14:56:28,Chicago
952523c9-4951-4ebe-9013-47f9a3d502ac,CUST0063,PRD033,1,19.71,19.71,2025-07-20 11:56:40,Dallas
77d3e994-19d8-478e-8de9-ac9f7ce38583,CUST0046,PRD042,1,82.83,82.83,2025-07-20 10:42:03,NYC
7501ee5b-b2cb-43ba-8415-49250566950f,CUST0035,PRD010,4,6.32,25.28,2025-07-20 14:23:53,Chicago
6de08961-be4d-4bcb-a5d0-27126d4a944a,CUST0096,PRD016,4,39.87,159.48,2025-07-19 22:09:36,Dallas
c631e93b-2477-4c16-85a2-e8fa25159f81,CUST0044,PRD021,5,88.34,441.7,2025-07-20 18:59:52,Dallas
4b1998bf-1aab-4fe0-a957-d7d22492eaf5,CUST0002,PRD028,4,38.39,153.56,2025-07-19 21:28:24,LA
44c98eba-c276-4c1d-8a8a-e555e44918c5,CUST0091,PRD004,5,86.19,430.95,2025-07-20 15:04:43,LA
fb2585f6-bc39-41ee-a934-c9a17b8db342,CUST0051,PRD010,4,35.41,141.64,2025-07-20 05:52:24,LA
c623e698-c4f3-4272-86f2-c65f54b8394a,CUST0035,PRD031,4,78.03,312.12,2025-07-20 13:27:21,Chicago
db24a801-3685-4a26-8581-859b90362bef,CUST0059,PRD000,1,13.9,13.9,2025-07-20 03:41:05,Dallas
b3c900d3-c7b5-4ffc-b01e-53523bedef34,CUST0007,PRD044,2,31.84,63.68,2025-07-20 04:51:42,Dallas
bc561190-2d35-4063-bade-4a6d00488cb9,CUST0000,PRD045,5,37.48,187.4,2025-07-19 22:47:24,Dallas
7dce6e32-26a6-40dc-836c-22c002ed9fd5,CUST0013,PRD002,2,40.71,81.42,2025-07-20 10:42:58,Dallas
13cd4a18-bc87-4743-921f-887bcb51d82a,CUST0094,PRD039,1,15.87,15.87,2025-07-20 12:54:31,LA
5c7dd8f2-bf2d-402d-a0a8-56e87ec7e4b8,CUST0043,PRD036,5,58.63,293.15,2025-07-20 16:44:32,Chicago
a37ee6b8-524c-4859-b971-8f52ac96c37e,CUST0099,PRD005,5,87.85,439.25,2025-07-20 14:49:09,LA
eb869538-3ee5-4f05-b025-ce94141bcc5d,CUST0029,PRD049,3,14.65,43.95,2025-07-20 05:17:39,Chicago
529e520a-2633-443a-a264-5620e8496880,CUST0085,PRD011,3,32.94,98.82,2025-07-20 11:39:13,LA
bdbbf6bc-573a-42dc-a669-6c465e923977,CUST0081,PRD009,5,42.21,211.05,2025-07-19 20:26:35,Dallas
3c19c9b3-9465-4b1c-86ca-8640d1254370,CUST0043,PRD008,5,11.11,55.55,2025-07-20 08:43:17,LA
9a959614-1d90-456b-a772-7bf92f5a4b9d,CUST0079,PRD045,4,87.84,351.36,2025-07-20 05:59:14,LA
da2242db-3274-4629-9a69-ebac53b217b3,CUST0032,PRD022,1,48.0,48.0,2025-07-20 09:44:31,LA
c9a8a401-7de3-42aa-963d-453f89326cf7,CUST0010,PRD030,5,87.87,439.35,2025-07-20 15:03:35,LA
e0494b1d-787d-43ec-9d89-8097e5e013b0,CUST0056,PRD006,4,9.53,38.12,2025-07-20 17:39:46,LA
9b0626db-b769-4c04-97e6-f15528a25ca9,CUST0097,PRD034,4,66.49,265.96,2025-07-19 20:32:22,NYC
27477abd-45ba-4227-89dc-b8971fbc1b27,CUST0031,PRD036,5,79.37,396.85,2025-07-20 00:38:38,LA
c4f646a8-b852-4175-a398-923cf0e90d13,CUST0094,PRD000,5,44.77,223.85,2025-07-20 00:53:46,Dallas
6fe44df4-f0f3-4e3f-ab1c-184571cbb3a5,CUST0054,PRD041,3,63.99,191.97,2025-07-20 01:53:07,Dallas
87cbde6b-4e79-4f0e-9f8a-afeea3d53b2d,CUST0064,PRD001,1,91.55,91.55,2025-07-20 07:31:25,Chicago
f8938a27-a0ee-4757-a16f-52445172d753,CUST0012,PRD046,5,77.06,385.3,2025-07-19 22:57:12,NYC
ba2e0c5b-75df-436f-935b-115d20a3b39b,CUST0086,PRD009,4,69.58,278.32,2025-07-20 00:19:11,Dallas
e6b63fc6-b60c-4506-9773-e9ccf0036f0f,CUST0038,PRD028,3,80.73,242.19,2025-07-20 14:00:06,LA
0baf554f-4f5a-4dc0-9a20-eae5eee01839,CUST0071,PRD026,3,95.4,286.2,2025-07-20 07:54:26,NYC
9ddfe6f4-891f-4c89-af94-0baa2952be12,CUST0001,PRD028,4,76.0,304.0,2025-07-20 14:55:19,Dallas
c7e96dc4-b43e-43a6-b8cc-d30106043692,CUST0032,PRD031,1,67.45,67.45,2025-07-20 13:32:02,Chicago
8921b809-dfd8-4028-9e7b-c5360e11d5cf,CUST0048,PRD023,2,50.15,100.3,2025-07-19 22:44:51,Chicago
bf5fadc7-8eb5-473e-aed8-7ac990f9237e,CUST0003,PRD045,1,98.83,98.83,2025-07-19 22:07:01,Dallas
99e37b81-6735-4782-a025-7abfc44cf81e,CUST0018,PRD026,4,83.5,334.0,2025-07-20 06:45:11,NYC
1ae0e929-71f4-4a61-a14a-2fd1b05bffbc,CUST0024,PRD006,2,80.33,160.66,2025-07-19 20:56:06,NYC
c49a055a-f192-4cc6-b067-391641710f65,CUST0045,PRD040,4,58.23,232.92,2025-07-20 03:20:13,LA
82ef6f24-3b41-4324-b5da-caddb49e4920,CUST0019,PRD037,5,33.67,168.35,2025-07-20 05:50:56,Dallas
77d11271-7899-4b9d-acf9-e717ee9c5e70,CUST0091,PRD019,5,72.45,362.25,2025-07-20 10:18:46,Dallas
5632cebc-1c21-4eb6-90cf-afff5d9a11b5,CUST0046,PRD045,1,5.71,5.71,2025-07-20 03:32:14,LA
fc8268a8-f583-453e-a4a4-3b79911ff7b0,CUST0025,PRD037,2,24.56,49.12,2025-07-20 03:32:27,LA
b1a12dcd-c705-4938-af89-cdb04710463f,CUST0039,PRD037,1,41.32,41.32,2025-07-20 12:54:01,NYC
da17ae7b-aa56-429b-b5af-fe2a9e02a0f9,CUST0092,PRD042,1,72.22,72.22,2025-07-20 13:15:45,LA
d0f7f89a-cabc-4616-9b03-09a261069746,CUST0029,PRD046,1,91.73,91.73,2025-07-19 22:30:21,NYC
6263d180-45d0-4819-9412-64c69e949501,CUST0028,PRD032,2,19.41,38.82,2025-07-20 11:37:24,Dallas
d3b8d59a-34e5-461e-8a8d-de17fe659e77,CUST0046,PRD017,3,64.95,194.85,2025-07-20 12:06:02,LA
d5258675-ab4c-4103-be6c-912f67c6a136,CUST0063,PRD016,2,79.8,159.6,2025-07-20 13:50:49,NYC
cde7ba05-8855-4085-9655-c5afd4eb73c9,CUST0083,PRD011,1,50.88,50.88,2025-07-20 18:13:40,Dallas
3332b589-f92a-4196-a694-ee59f20d4f9c,CUST0019,PRD019,1,42.91,42.91,2025-07-20 06:06:56,LA
3c125583-8c9c-4678-8ebf-7d63cd4ad4f3,CUST0000,PRD032,4,36.13,144.52,2025-07-20 09:34:43,NYC
e82bb4fd-ca09-4a70-a6ff-1d66d939ad5c,CUST0055,PRD004,3,95.41,286.23,2025-07-20 01:09:25,Dallas
f4d50b86-a51e-4f21-b685-f7c99f02315a,CUST0074,PRD036,4,46.54,186.16,2025-07-20 02:40:29,Dallas
74f54054-8ae1-4e47-85e3-49ab9350d717,CUST0064,PRD007,4,96.04,384.16,2025-07-20 09:30:28,LA
ed41edc2-a3e6-4be8-8684-43e7f6ec5783,CUST0060,PRD037,1,68.35,68.35,2025-07-20 08:31:09,Dallas
7c2e6669-6315-4316-96f4-5cd336cdfc83,CUST0078,PRD028,2,72.36,144.72,2025-07-20 16:06:26,Dallas
6531e82d-9c2d-42c0-a6fc-3b909a434f36,CUST0047,PRD048,5,9.77,48.85,2025-07-19 21:18:44,NYC
26f9351f-995c-4876-b5f1-fe8b3dfcec22,CUST0013,PRD000,4,96.46,385.84,2025-07-20 15:11:10,Chicago
a168fa5a-c376-4833-b62b-bfe1843d387d,CUST0017,PRD006,4,45.64,182.56,2025-07-20 08:54:45,Dallas
95ee0ed8-8fd7-4439-bcbb-5e27c178fb68,CUST0040,PRD035,2,45.55,91.1,2025-07-20 07:25:05,Chicago
8150dead-fec1-438c-97e5-4479066dd3e7,CUST0005,PRD025,5,51.88,259.4,2025-07-19 23:08:59,Dallas
bd12c80a-791b-4c59-a196-9e39a48102c7,CUST0034,PRD037,5,45.85,229.25,2025-07-20 12:30:48,NYC
8115c381-8bda-4a2d-abe0-ae60d3e89289,CUST0007,PRD047,2,76.94,153.88,2025-07-20 19:32:09,Dallas
4efeddf5-e31c-4e04-8285-a04bc5af8f02,CUST0086,PRD026,3,70.51,211.53,2025-07-20 18:27:47,Chicago
970d9643-2643-45ec-ad27-6f4c0ff1a295,CUST0045,PRD044,4,71.03,284.12,2025-07-20 17:22:54,Chicago
7db1b8b7-c627-4f8a-9775-5361f6c98c03,CUST0005,PRD011,3,41.55,124.65,2025-07-20 09:40:53,NYC
8e0c6119-2895-4b1f-a374-f944b2e53941,CUST0033,PRD043,4,54.26,217.04,2025-07-20 14:55:38,NYC
c84463e8-fcb2-4671-9747-06866e1a9551,CUST0079,PRD036,4,94.65,378.6,2025-07-19 20:22:29,NYC
dbdeafeb-0ebd-4b56-a7b0-d850f8413a2a,CUST0089,PRD042,3,52.35,157.05,2025-07-20 13:28:06,Chicago
939531f1-3292-489a-9525-bc2959037e3c,CUST0085,PRD010,5,33.63,168.15,2025-07-20 09:50:35,Dallas
e4935846-f047-401a-98a7-67bad50c786a,CUST0018,PRD027,2,55.84,111.68,2025-07-20 09:30:14,NYC
193f7c49-7c9f-403e-9fd7-e2d6c8634608,CUST0092,PRD012,4,46.08,184.32,2025-07-20 13:50:54,Dallas
94d9b446-2102-4ade-9999-9f14fceb1a86,CUST0003,PRD015,2,33.02,66.04,2025-07-20 11:13:08,Dallas
9e4a8f9b-79e1-4e07-b7e1-bc2a167073fa,CUST0066,PRD003,5,87.7,438.5,2025-07-19 23:15:21,Chicago
3f3ef8ba-70d1-417e-be70-8e366c91541f,CUST0023,PRD025,3,57.44,172.32,2025-07-19 21:47:14,LA
189f81c1-ea55-49d9-bbe3-8ef9da408461,CUST0035,PRD020,4,95.78,383.12,2025-07-19 20:27:20,LA
212be1be-f3a2-4bf6-be05-0d3c375ba91a,CUST0062,PRD026,3,58.09,174.27,2025-07-20 16:57:06,NYC
7edfdb9c-5a7b-4538-a399-8b12a3748b41,CUST0035,PRD042,3,20.75,62.25,2025-07-20 06:38:02,LA
0e5a24f5-c928-41c4-9f66-e03171c7c0b6,CUST0066,PRD013,2,16.01,32.02,2025-07-20 02:01:30,NYC
1f6b9c84-d796-4386-a209-9eb1c707260b,CUST0092,PRD005,1,87.95,87.95,2025-07-20 19:04:25,Chicago
0a93e385-ee86-4757-8505-80c3cf04ac0e,CUST0061,PRD033,3,35.17,105.51,2025-07-20 06:39:39,LA
ca511c86-7ccc-4857-8f44-d3ad08354e8a,CUST0072,PRD044,2,79.43,158.86,2025-07-20 12:10:44,Dallas
8b024a7e-0aae-4dad-993a-b9020d4bd01f,CUST0089,PRD018,2,48.44,96.88,2025-07-20 04:56:18,LA
6aa696ca-2d62-4b95-9dd3-e2c8a6dcfed7,CUST0043,PRD031,3,7.76,23.28,2025-07-20 06:15:40,Chicago
2eb23dea-0cb5-4733-809f-52755c4aa25e,CUST0087,PRD049,1,34.77,34.77,2025-07-19 20:43:17,Dallas
a3686910-1fd9-4fdc-8f52-858f08641df8,CUST0065,PRD025,2,59.47,118.94,2025-07-20 16:50:06,Chicago
8bb360fc-865b-46ee-90a8-c63161ed00e8,CUST0055,PRD008,2,80.37,160.74,2025-07-20 06:20:11,NYC
bfdb7875-e485-4153-aaf4-e23058a65317,CUST0083,PRD036,4,86.15,344.6,2025-07-20 01:42:11,Dallas
40ae6ab4-91a6-4e66-8a91-a947a74abebc,CUST0018,PRD044,4,39.95,159.8,2025-07-20 08:53:04,Dallas
29490d73-8986-4a89-841c-fcc3f1ec2728,CUST0048,PRD010,1,41.41,41.41,2025-07-20 18:25:28,LA
3d9e5d7b-d4dd-4926-a958-a4ce5c306b83,CUST0041,PRD043,5,89.4,447.0,2025-07-20 19:56:53,Dallas
b79d0c60-a8bb-444d-857b-58f8c667d255,CUST0022,PRD003,4,76.51,306.04,2025-07-20 05:00:48,Dallas
65f80109-d1fc-4d40-a572-70efbbd9c447,CUST0076,PRD034,2,80.16,160.32,2025-07-20 13:33:25,NYC
eedc905f-8710-472d-a813-96323329781b,CUST0045,PRD011,2,41.15,82.3,2025-07-20 11:34:12,Dallas
c0857653-e7a0-4a05-8716-749399424f9f,CUST0074,PRD026,5,50.51,252.55,2025-07-20 10:41:11,NYC
314121e0-4d96-4b79-b1a5-c0f4b4e5c0a6,CUST0091,PRD034,4,65.74,262.96,2025-07-20 15:28:50,Dallas
33431495-ee36-4fab-a7a9-d78160a909c8,CUST0072,PRD024,4,16.8,67.2,2025-07-20 04:32:51,Dallas
b23db8a8-9ccc-4032-b056-47a997bdbea8,CUST0091,PRD036,1,65.85,65.85,2025-07-19 20:56:31,Dallas
4ed8f626-47a1-464a-8d9b-530fb8617f1e,CUST0050,PRD047,2,91.83,183.66,2025-07-20 00:52:02,Dallas
d5586e74-7615-4fa8-a51f-37464ae89b82,CUST0092,PRD027,1,72.27,72.27,2025-07-20 13:20:51,NYC
f9a7fe4d-2407-4f99-8f58-597807df9d1e,CUST0089,PRD010,5,54.13,270.65,2025-07-20 03:52:30,NYC
9149c4a3-4cdf-48f8-b853-17d605a4e6b3,CUST0025,PRD032,2,30.93,61.86,2025-07-20 10:55:01,NYC
54433c49-835a-447c-a340-250f640436df,CUST0008,PRD034,5,25.11,125.55,2025-07-20 13:48:49,LA
ebac98fc-1a5f-4ead-a1f7-898446916edb,CUST0011,PRD015,2,11.79,23.58,2025-07-20 17:52:31,Chicago
58edbcfd-4a54-4d3e-90e1-68d229962b9c,CUST0081,PRD040,2,98.88,197.76,2025-07-20 14:34:51,NYC
7b39a33a-d827-41cd-a655-a0b9c732f797,CUST0059,PRD022,4,82.01,328.04,2025-07-20 01:18:45,Dallas
a5ba5587-60c0-485d-8eb6-85182e062b77,CUST0068,PRD007,1,9.77,9.77,2025-07-20 01:04:38,NYC
659faee3-b768-4dce-9cb7-bc8cc8f61049,CUST0064,PRD002,5,42.65,213.25,2025-07-20 14:54:48,LA
c964ab6b-5550-4c29-9769-e0cada82baa3,CUST0071,PRD026,5,15.72,78.6,2025-07-20 15:13:07,NYC
f5ebe378-aa99-436d-9c1c-bd093d0e75fc,CUST0038,PRD027,1,53.96,53.96,2025-07-20 08:09:19,Dallas
948ea679-d5e2-4c1e-b4d7-015b84828833,CUST0098,PRD045,1,20.23,20.23,2025-07-20 00:17:13,NYC
e453db78-e83a-46be-b71c-1f6346d7c572,CUST0011,PRD002,3,73.47,220.41,2025-07-20 12:52:12,NYC
c8c1802f-8a5a-4488-be6d-75155fe57ee5,CUST0010,PRD007,5,93.28,466.4,2025-07-19 21:57:10,NYC
7c964884-ba23-4f7c-9557-f15616a1375b,CUST0097,PRD031,1,58.4,58.4,2025-07-19 23:04:03,NYC
ceed046f-d083-4816-913b-a0b8dc6e5d98,CUST0003,PRD015,5,36.73,183.65,2025-07-20 06:00:15,Dallas
373a6ab9-d2f4-41f4-9855-9c1cd688deb0,CUST0013,PRD023,2,46.78,93.56,2025-07-19 21:44:35,LA
bc4e0310-ff33-4bb0-8b81-21ef6cd23cc2,CUST0047,PRD036,1,23.54,23.54,2025-07-20 00:40:18,LA
c8199477-b013-4620-b55e-7f724a2c5ec0,CUST0032,PRD049,3,23.67,71.01,2025-07-20 08:10:37,Chicago
1b252951-1e5e-404b-a270-2842ec984f73,CUST0022,PRD004,1,74.73,74.73,2025-07-20 04:58:22,Dallas
07185004-9ee3-4dcb-980d-2d51ac666334,CUST0086,PRD020,2,81.55,163.1,2025-07-20 01:45:26,Dallas
a4f491ea-2f4d-4587-8851-ac1bc1ad97a9,CUST0072,PRD046,4,73.68,294.72,2025-07-20 04:00:09,LA
52781aef-dc0f-4335-8716-8cbb15146771,CUST0039,PRD019,1,91.97,91.97,2025-07-20 06:19:18,LA
d7c571c7-1fc1-4fd9-8188-6d20f2560467,CUST0029,PRD015,2,59.89,119.78,2025-07-20 11:14:13,Chicago
a8b359c3-121c-44fe-a1f5-3624ec386a8f,CUST0004,PRD004,3,46.05,138.15,2025-07-20 16:24:59,Chicago
a0075b57-0af5-4ff8-ab86-3f4f5932861c,CUST0073,PRD015,4,60.29,241.16,2025-07-20 08:47:50,NYC
c39995e1-8262-4823-a1fc-a6dc067e32e1,CUST0099,PRD001,4,50.09,200.36,2025-07-19 23:02:01,Chicago
506a3088-0906-408e-b3cb-da369f78cf34,CUST0006,PRD019,4,29.98,119.92,2025-07-20 00:01:09,NYC
2da76eb8-020b-4be6-9b3c-79a157b90eb6,CUST0092,PRD023,2,80.58,161.16,2025-07-20 12:56:14,LA
65b4bbc8-7b92-4dc8-a1ab-553a597f0d5b,CUST0006,PRD046,2,87.11,174.22,2025-07-20 03:51:54,Dallas
986acccc-9038-4d1f-bd0c-89d9bf6d113a,CUST0086,PRD019,2,54.29,108.58,2025-07-20 13:52:58,LA
0344dde9-580b-41ee-8008-544cd5ae0377,CUST0068,PRD007,5,54.88,274.4,2025-07-20 06:29:02,NYC
c75d6cd5-2fcb-4190-85e9-c4b2c0903e98,CUST0040,PRD049,4,70.55,282.2,2025-07-20 02:43:08,NYC
5a0efe81-c695-4d5a-92c4-f429922159eb,CUST0044,PRD034,4,84.84,339.36,2025-07-20 07:04:03,Dallas
48e550e7-94f4-4ed0-b24a-209b83a4849b,CUST0000,PRD009,1,6.8,6.8,2025-07-20 16:46:53,NYC
c14c4b93-5cb6-4343-958d-ca01a0e2b142,CUST0069,PRD000,1,16.08,16.08,2025-07-20 18:50:38,NYC
9efd1e8d-0964-4333-8569-d5bd60b40148,CUST0039,PRD000,1,23.49,23.49,2025-07-20 12:45:13,Chicago
bdac8946-c071-4804-9925-cfa120bebb3b,CUST0044,PRD025,4,25.89,103.56,2025-07-20 06:22:40,Chicago
8cdc9f9d-6cce-4d1f-8aca-935b14583419,CUST0054,PRD002,2,67.27,134.54,2025-07-20 18:20:05,Dallas
62fde5bd-678e-404c-afd5-024e5e8bdadd,CUST0052,PRD015,5,69.29,346.45,2025-07-20 01:43:27,NYC
a5720431-e0bf-429b-b02d-73aa339412c9,CUST0086,PRD022,4,89.94,359.76,2025-07-20 00:24:17,LA
2c74f732-23b5-48c2-a45b-846c62770903,CUST0027,PRD040,5,89.0,445.0,2025-07-20 16:43:38,NYC
4b786885-5354-45d4-974b-f0b306615052,CUST0062,PRD042,3,77.59,232.77,2025-07-20 03:04:40,LA
aec18442-3b12-4243-9322-8bf93cd35ace,CUST0038,PRD023,5,98.39,491.95,2025-07-20 20:08:04,Chicago
e4e5d1c0-68ed-4dfe-ba82-848a84fe41b2,CUST0032,PRD033,3,47.5,142.5,2025-07-19 22:20:08,Dallas
3a1e855a-6d53-4348-b76e-9888c728e82d,CUST0071,PRD047,5,5.84,29.2,2025-07-20 04:50:39,NYC
1c3ad47c-608d-40cd-96fe-105175d3074c,CUST0098,PRD014,2,69.97,139.94,2025-07-20 19:52:00,NYC
30d1bb3f-2c45-4a7e-82ff-1209b58394f2,CUST0010,PRD000,1,10.0,10.0,2025-07-19 23:53:45,Chicago
22742913-0bdd-4625-821c-113f7268ba08,CUST0074,PRD047,2,79.79,159.58,2025-07-20 17:30:57,Dallas
7513c122-d0a1-4a7a-974e-6758d66a34ed,CUST0042,PRD034,1,61.54,61.54,2025-07-20 14:41:12,Chicago
7f968199-91da-4393-9bce-f8c569bca915,CUST0075,PRD019,1,64.08,64.08,2025-07-20 11:56:51,NYC
09b6393d-b65d-4059-9a38-b987f02f2bfa,CUST0006,PRD021,1,33.12,33.12,2025-07-19 21:17:24,Chicago
1aabd2e9-43b8-45a6-bd9c-6cf4dbaff2ce,CUST0024,PRD043,1,53.63,53.63,2025-07-20 18:24:32,Chicago
59ff6051-8ba5-47c8-86b1-feb4e8aea064,CUST0030,PRD010,1,20.41,20.41,2025-07-20 02:02:57,NYC
57d041ea-dcc0-40e3-afa5-a8f61e12ed9c,CUST0031,PRD027,3,98.47,295.41,2025-07-19 22:44:55,NYC
2a2a5b22-da80-4574-9090-1c17fe016155,CUST0093,PRD049,5,17.21,86.05,2025-07-20 06:32:06,NYC
9453bdee-72dd-4758-9b96-56fb301b16ed,CUST0054,PRD022,5,64.12,320.6,2025-07-20 20:11:43,LA
970fd12e-2326-4e8c-affa-b8cd29593867,CUST0043,PRD031,4,31.44,125.76,2025-07-20 18:27:11,Dallas
fea4430a-820a-4ac9-8ab6-552f42894d81,CUST0071,PRD035,1,86.31,86.31,2025-07-20 05:52:52,LA
7c8f76f9-d325-4816-a406-43262266864f,CUST0048,PRD021,2,53.07,106.14,2025-07-20 10:05:39,LA
93b36fd8-27ce-4304-8a33-a919329c6725,CUST0037,PRD032,2,58.82,117.64,2025-07-20 18:43:16,Chicago
496d706c-04cd-4c71-9865-4f36a1090e24,CUST0013,PRD015,4,5.04,20.16,2025-07-20 06:43:24,Dallas
c174daca-327e-4c24-aa6b-28502cbcdee2,CUST0048,PRD047,5,84.36,421.8,2025-07-20 15:20:30,Chicago
698b7788-6b2d-4a45-b3b5-a2e8657f7e52,CUST0057,PRD028,3,73.94,221.82,2025-07-20 03:29:45,Dallas
d4864362-fd11-4898-928c-6c2e1bdbec33,CUST0026,PRD000,2,27.75,55.5,2025-07-20 13:43:34,Chicago
3a008c53-ee7d-422d-893a-43f385aa2676,CUST0069,PRD036,4,74.77,299.08,2025-07-20 13:17:28,Dallas
15ffcdf6-2139-4007-abdc-7f74b29aa590,CUST0009,PRD017,5,15.77,78.85,2025-07-20 02:16:13,NYC
1554450e-b99b-469d-9ab9-db7b7f6169d0,CUST0020,PRD040,4,18.38,73.52,2025-07-20 16:22:46,LA
c154f76e-1c2a-4ad1-b9d8-c8b82be56d69,CUST0054,PRD033,3,13.4,40.2,2025-07-20 12:15:42,Chicago
c830e831-7087-4758-b51e-4074356d7603,CUST0025,PRD027,5,41.14,205.7,2025-07-20 16:02:52,Dallas
b3c35b2e-eef1-4f6a-932a-b186cde0e7cf,CUST0027,PRD007,3,43.51,130.53,2025-07-20 01:44:23,NYC
39bc9cf6-4e97-4693-bcaa-b9926e6f14ec,CUST0018,PRD023,4,76.43,305.72,2025-07-20 11:07:05,NYC
123d99da-427a-4eab-8474-2a9daf85f86b,CUST0089,PRD032,5,35.85,179.25,2025-07-20 13:05:18,NYC
d1098283-3245-4d21-a241-344b50d97ee7,CUST0049,PRD002,2,41.79,83.58,2025-07-19 23:46:13,Dallas
3ad8be8a-deb8-4254-8424-5348002e9ba3,CUST0001,PRD025,2,32.96,65.92,2025-07-20 01:17:20,LA
d0b2d624-1b5e-40ce-be71-deb8af39ac73,CUST0055,PRD044,2,90.84,181.68,2025-07-20 02:58:39,Chicago
0b47fad5-295a-4ba0-b724-5cb354ff1c96,CUST0077,PRD028,4,87.12,348.48,2025-07-20 12:54:28,Chicago
6d45cf22-2bde-4c40-b35a-a9264d7f836f,CUST0089,PRD004,3,57.81,173.43,2025-07-20 15:24:42,Dallas
f766fed9-f944-4815-ba1f-af06d4a62d67,CUST0020,PRD015,5,42.08,210.4,2025-07-20 09:00:24,NYC
c49f39b9-3306-4985-a53b-487b9e507826,CUST0004,PRD008,2,32.53,65.06,2025-07-20 10:06:44,Chicago
6d894f61-3f0b-4f90-9e1c-3cc84cb1630d,CUST0034,PRD018,4,16.54,66.16,2025-07-20 07:15:42,Dallas
50267cee-27ea-46a5-a76d-05448cedd343,CUST0087,PRD015,1,78.97,78.97,2025-07-20 16:28:51,Dallas
4d3c9144-59b8-44c9-8fc0-edd8ef01c08c,CUST0080,PRD046,3,42.43,127.29,2025-07-20 19:33:30,Chicago
b683e547-cb05-41ad-88ed-83eab642a383,CUST0038,PRD036,4,69.81,279.24,2025-07-20 18:22:12,LA
26176a60-bb1f-406f-9a4e-00c591d44630,CUST0060,PRD010,1,86.25,86.25,2025-07-19 21:26:23,LA
48c46d7b-4ec5-42f0-8f9b-b837bb278d12,CUST0093,PRD019,5,45.16,225.8,2025-07-20 03:08:19,Chicago
dd02b00c-73ca-42ff-b1b1-a00ebc3c2bb1,CUST0063,PRD006,2,40.89,81.78,2025-07-20 20:00:47,Chicago
320e3a25-09b1-4c52-83da-26d6d829da41,CUST0014,PRD035,3,26.58,79.74,2025-07-20 18:21:28,LA
5b2f6c00-ae8f-4a7e-80c9-bcddcc53dbef,CUST0030,PRD043,2,63.17,126.34,2025-07-20 00:04:56,LA
7d29e75e-3202-4978-b1b6-ae8527716a98,CUST0054,PRD036,5,16.02,80.1,2025-07-20 19:26:51,NYC
3faa2e8a-e129-4295-ae2b-bf79425ab16e,CUST0042,PRD003,4,48.9,195.6,2025-07-19 23:10:57,Chicago
f9b7cbd3-bb43-438a-aeb8-d8798670b422,CUST0081,PRD042,5,52.33,261.65,2025-07-20 08:22:39,Chicago
09645346-2a87-494a-a854-0ee8f1fc6b7d,CUST0058,PRD048,4,40.7,162.8,2025-07-19 21:23:38,LA
b942fb24-e99c-4b21-bc70-b2d807d4574f,CUST0078,PRD047,2,80.06,160.12,2025-07-20 07:59:01,LA
ea7591fd-238f-4988-952c-76760f036c5b,CUST0003,PRD003,2,82.08,164.16,2025-07-20 18:27:29,NYC
15374542-ebc2-4a23-aa7d-9bbbfb5de215,CUST0042,PRD041,1,45.61,45.61,2025-07-19 20:45:00,LA
9f2d9faf-4a86-4dac-a10e-a972718a22d4,CUST0028,PRD047,5,39.69,198.45,2025-07-20 18:48:54,Chicago
af746d64-459f-4201-8d77-a7ff9053f714,CUST0097,PRD007,2,77.66,155.32,2025-07-20 10:38:17,Dallas
414a42bd-7284-480c-af39-14830a899fdd,CUST0042,PRD002,3,86.24,258.72,2025-07-19 21:47:12,LA
fad895f1-2c96-48d1-8a55-9218e263b5a0,CUST0031,PRD011,2,5.99,11.98,2025-07-19 23:44:12,Dallas
7c37ac07-4b94-4b89-a62f-69c04f653bc2,CUST0043,PRD043,4,42.29,169.16,2025-07-20 06:46:55,NYC
8c2a11e6-2a1b-40cf-a7ce-5e51ef56052a,CUST0069,PRD003,4,48.81,195.24,2025-07-20 10:32:05,Chicago
b3b559cc-adca-45ff-ad68-61b41ee8d3a6,CUST0054,PRD011,2,15.63,31.26,2025-07-20 02:26:47,NYC
c1b9d0c4-2509-4d94-aec6-1d7355467ea6,CUST0054,PRD034,1,20.57,20.57,2025-07-20 18:55:19,Chicago
3a52752a-2659-4e7d-8db1-2aa0adaa223a,CUST0037,PRD019,4,73.39,293.56,2025-07-20 04:14:28,Chicago
902705e5-1ec2-41a8-af67-650b673156df,CUST0029,PRD021,5,95.77,478.85,2025-07-20 11:02:29,Dallas
b40252c3-8171-4866-b11e-503115216846,CUST0065,PRD031,1,41.84,41.84,2025-07-20 00:06:13,NYC
2fa5fe5c-4e4d-4638-aee9-55b599861094,CUST0004,PRD041,3,64.97,194.91,2025-07-20 10:36:37,LA
cedb04ae-b3f9-47ee-9780-f54754896804,CUST0048,PRD022,5,76.44,382.2,2025-07-19 21:24:24,Chicago
adb9bedc-1246-4ec3-8175-f4a1f82dfa01,CUST0053,PRD020,2,9.05,18.1,2025-07-19 20:22:30,Dallas
